<?xml version="1.0" encoding="UTF-8"?>
<!DOCTYPE tv SYSTEM "xmltv.dtd">

<tv source-info-url="https://api.telerama.fr" source-data-url="https://api.telerama.fr" generator-info-name="XMLTV" generator-info-url="http://mythtv-fr.org/">
  <channel id="C168.api.telerama.fr">
    <display-name>RTL TVI</display-name>
    <icon src="http://television.telerama.fr/sites/tr_master/files/sheet_media/tv/500x500/168.png" />
  </channel>
  <programme start="20191120082500 +0100" stop="20191120105500 +0100" channel="C168.api.telerama.fr">
    <title>Télé-achat</title>
    <desc lang="fr">Chaque jour, un produit exclusif est mis en valeur, au travers de reportages dévoilant son utilisation et son concept.</desc>
    <category lang="fr">magazine de télé-achat</category>
    <length units="minutes">150</length>
    <icon src="https://television.telerama.fr/sites/tr_master/files/sheet_media/media/f2feaeba-87d2-4f7e-83a6-7e3f72ef4dd3.jpg" />
    <rating system="CSA">
      <value>Tout public</value>
    </rating>
  </programme>
  <programme start="20191120105500 +0100" stop="20191120120500 +0100" channel="C168.api.telerama.fr">
    <title>Shopping Hours</title>
    <desc lang="fr">Chaque jour, un produit exclusif est mis en valeur, au travers de reportages dévoilant son utilisation et son concept.</desc>
    <category lang="fr">magazine de télé-achat</category>
    <length units="minutes">70</length>
    <icon src="https://television.telerama.fr/sites/tr_master/files/sheet_media/media/f2feaeba-87d2-4f7e-83a6-7e3f72ef4dd3.jpg" />
    <rating system="CSA">
      <value>Tout public</value>
    </rating>
  </programme>
  <programme start="20191120120500 +0100" stop="20191120121500 +0100" channel="C168.api.telerama.fr">
    <title>Loïc, fou de cuisine</title>
    <desc lang="fr">Saison:1 - Loïc n'est pas un «chef» mais un fou de cuisine. Ses grands-parents et parents sont à la base de son éducation culinaire et c'est grâce aux livres, à la télévision, Facebook, YouTube et Instagram que Loïc a poursuivi son apprentissage. Sa cuisine est super rapide, facile et toujours gourmande.</desc>
    <credits>
      <presenter>Loïc</presenter>
    </credits>
    <category lang="fr">magazine culinaire</category>
    <length units="minutes">10</length>
    <icon src="https://television.telerama.fr/sites/tr_master/files/sheet_media/media/fec55851-118b-4b03-a3d3-9fca65bf6fbe.jpg" />
    <episode-num system="xmltv_ns">0..</episode-num>
    <rating system="CSA">
      <value>Tout public</value>
    </rating>
  </programme>
  <programme start="20191120121500 +0100" stop="20191120124500 +0100" channel="C168.api.telerama.fr">
    <title>Un si grand soleil</title>
    <desc lang="fr">Saison:2 - Episode:64 - L'enquête relative à l'assassinat de Perrine avance avec efficacité. Un suspect sérieux est interrogé. De son côté, Alice comprend qu'elle va devoir faire face à la police. Parallèlement, Becker essaie de garder la tête froide et cherche un moyen d'aider son petit-fils...</desc>
    <credits>
      <actor>Auguste Yvon (Arthur)</actor>
      <actor>Manuel Blanc (Guilhem)</actor>
      <actor>Naima Rodric (Lucille)</actor>
      <actor>Chrystelle Labaude (Elizabeth)</actor>
      <actor>Marthe Fieschi (Léa)</actor>
      <actor>Folco Marchi (Ludo)</actor>
      <actor>Mélanie Maudran (Claire)</actor>
      <actor>Valérie Kaprisky (Jo)</actor>
      <writer>Toma de Matteis</writer>
    </credits>
    <category lang="fr">feuilleton policier</category>
    <length units="minutes">30</length>
    <icon src="https://television.telerama.fr/sites/tr_master/files/sheet_media/media/dcd5e49f-db1a-4593-a9a6-a101cc4719d1.jpg" />
    <country>français</country>
    <episode-num system="xmltv_ns">1.63.</episode-num>
    <premiere />
    <rating system="CSA">
      <value>Tout public</value>
    </rating>
  </programme>
  <programme start="20191120124500 +0100" stop="20191120130000 +0100" channel="C168.api.telerama.fr">
    <title>RTL info bienvenue</title>
    <category lang="fr">journal</category>
    <length units="minutes">15</length>
    <icon src="https://television.telerama.fr/sites/tr_master/files/sheet_media/media/7de0fb1c-d452-42a8-ad43-5c27dddef2b4.jpg" />
    <premiere />
    <rating system="CSA">
      <value>Tout public</value>
    </rating>
  </programme>
  <programme start="20191120130000 +0100" stop="20191120132000 +0100" channel="C168.api.telerama.fr">
    <title>RTL info 13 heures</title>
    <category lang="fr">journal</category>
    <length units="minutes">20</length>
    <icon src="https://television.telerama.fr/sites/tr_master/files/sheet_media/media/7de0fb1c-d452-42a8-ad43-5c27dddef2b4.jpg" />
    <premiere />
    <rating system="CSA">
      <value>Tout public</value>
    </rating>
  </programme>
  <programme start="20191120132000 +0100" stop="20191120133500 +0100" channel="C168.api.telerama.fr">
    <title>RTL info avec vous</title>
    <category lang="fr">journal</category>
    <length units="minutes">15</length>
    <icon src="https://television.telerama.fr/sites/tr_master/files/sheet_media/media/7de0fb1c-d452-42a8-ad43-5c27dddef2b4.jpg" />
    <premiere />
    <rating system="CSA">
      <value>Tout public</value>
    </rating>
  </programme>
  <programme start="20191120133500 +0100" stop="20191120134500 +0100" channel="C168.api.telerama.fr">
    <title>Météo</title>
    <category lang="fr">météo</category>
    <length units="minutes">10</length>
    <icon src="https://television.telerama.fr/sites/tr_master/files/sheet_media/media/ff420106-f5cd-474d-93b8-813b0c03b835.jpg" />
    <premiere />
    <rating system="CSA">
      <value>Tout public</value>
    </rating>
  </programme>
  <programme start="20191120134500 +0100" stop="20191120152500 +0100" channel="C168.api.telerama.fr">
    <title>Un chien pour Noël</title>
    <desc lang="fr">Depuis la mort de son père, George habite avec ses grand-parents dans la ferme familiale. Sa mère est partie vivre dans le Minnesota, mais George a réussi à la convaincre de le laisser à l'exploitation. En pleine période de Noël, George se prend d'affection pour le chien de Frank, un voisin incarcéré...</desc>
    <credits>
      <director>Larry McLean</director>
      <actor>James Brolin (Bo)</actor>
      <actor>Gage Munroe (George McCray)</actor>
      <actor>Josie Bissett (Jill)</actor>
      <actor>Barbara Gordon (Cora McCray)</actor>
      <actor>Ron Lea (Thorne)</actor>
      <actor>John Tench (Tom Turner)</actor>
      <actor>Helen Colliander (Mary Ann)</actor>
      <actor>Hailey Garrod (Mary Ann adulte)</actor>
    </credits>
    <category lang="fr">téléfilm dramatique</category>
    <length units="minutes">100</length>
    <icon src="https://television.telerama.fr/sites/tr_master/files/sheet_media/media/ba643144-e833-454d-a53c-d7f01d0ba184.jpg" />
    <country>américain</country>
    <rating system="CSA">
      <value>Tout public</value>
    </rating>
  </programme>
  <programme start="20191120152500 +0100" stop="20191120162000 +0100" channel="C168.api.telerama.fr">
    <title>Les mamans</title>
    <desc lang="fr">Pour cette seconde saison, six jeunes mamans âgées de 24 à 30 ans nous font partager leur quotidien de mères et leur vie de femmes, leurs petits succès et leurs grandes victoires : les sorties, les fêtes de famille, les premiers pas des enfants ou encore les rencontres amoureuses.</desc>
    <date>2018</date>
    <category lang="fr">documentaire : société</category>
    <length units="minutes">55</length>
    <icon src="https://television.telerama.fr/sites/tr_master/files/sheet_media/media/04ca6d95-5e7d-42ce-8eab-9b78805502f5.jpg" />
    <premiere />
    <rating system="CSA">
      <value>Tout public</value>
    </rating>
  </programme>
  <programme start="20191120162000 +0100" stop="20191120172000 +0100" channel="C168.api.telerama.fr">
    <title>Les reines du shopping</title>
    <sub-title>Irrésistible avec un imprimé fleuri</sub-title>
    <desc lang="fr">Laura, Airelle, Francine, Laurie et Saba partent en quête d'une tenue correspondant au thème «irrésistible avec un imprimé fleuri» avec un budget de 350 euros.</desc>
    <credits>
      <presenter>Cristina Cordula</presenter>
    </credits>
    <category lang="fr">jeu</category>
    <length units="hours">1</length>
    <icon src="https://television.telerama.fr/sites/tr_master/files/sheet_media/media/3f1fb20f-12ab-4e2b-9e12-030d9cc2e502.jpg" />
    <premiere />
    <rating system="CSA">
      <value>Tout public</value>
    </rating>
  </programme>
  <programme start="20191120172000 +0100" stop="20191120182000 +0100" channel="C168.api.telerama.fr">
    <title>Objectif Top chef</title>
    <sub-title>Semaine 3</sub-title>
    <desc lang="fr">Saison:5 - Pour trouver la perle rare qui fera partie de sa brigade dans «Top chef», Philippe Etchebest sélectionne des apprentis motivés et, pour la première fois, des amateurs qui veulent changer de vie.</desc>
    <credits>
      <presenter>Philippe Etchebest</presenter>
    </credits>
    <category lang="fr">magazine culinaire</category>
    <length units="hours">1</length>
    <icon src="https://television.telerama.fr/sites/tr_master/files/sheet_media/media/9d4b972f-4ec4-4aa3-b42a-b57df8589e4d.jpg" />
    <episode-num system="xmltv_ns">4..</episode-num>
    <premiere />
    <rating system="CSA">
      <value>Tout public</value>
    </rating>
  </programme>
  <programme start="20191120182000 +0100" stop="20191120183000 +0100" channel="C168.api.telerama.fr">
    <title>Loïc, fou de cuisine</title>
    <desc lang="fr">Saison:1 - Loïc n'est pas un «chef» mais un fou de cuisine. Ses grands-parents et parents sont à la base de son éducation culinaire et c'est grâce aux livres, à la télévision, Facebook, YouTube et Instagram que Loïc a poursuivi son apprentissage. Sa cuisine est super rapide, facile et toujours gourmande.</desc>
    <credits>
      <presenter>Loïc</presenter>
    </credits>
    <category lang="fr">magazine culinaire</category>
    <length units="minutes">10</length>
    <icon src="https://television.telerama.fr/sites/tr_master/files/sheet_media/media/fec55851-118b-4b03-a3d3-9fca65bf6fbe.jpg" />
    <episode-num system="xmltv_ns">0..</episode-num>
    <premiere />
    <rating system="CSA">
      <value>Tout public</value>
    </rating>
  </programme>
  <programme start="20191120183000 +0100" stop="20191120190000 +0100" channel="C168.api.telerama.fr">
    <title>Septante et un</title>
    <desc lang="fr">Un candidat unique affronte un public en studio. Pour gagner, il doit avoir éliminé la totalité du public à la fin de la dixième épreuve.</desc>
    <credits>
      <presenter>Jean-Michel Zecca</presenter>
    </credits>
    <category lang="fr">jeu</category>
    <length units="minutes">30</length>
    <icon src="https://television.telerama.fr/sites/tr_master/files/sheet_media/media/271ed88a-a547-45c0-8386-37b7ea4eded8.jpg" />
    <premiere />
    <rating system="CSA">
      <value>Tout public</value>
    </rating>
  </programme>
  <programme start="20191120190000 +0100" stop="20191120194000 +0100" channel="C168.api.telerama.fr">
    <title>RTL info 19 heures</title>
    <category lang="fr">journal</category>
    <length units="minutes">40</length>
    <icon src="https://television.telerama.fr/sites/tr_master/files/sheet_media/media/7de0fb1c-d452-42a8-ad43-5c27dddef2b4.jpg" />
    <premiere />
    <rating system="CSA">
      <value>Tout public</value>
    </rating>
  </programme>
  <programme start="20191120194000 +0100" stop="20191120195000 +0100" channel="C168.api.telerama.fr">
    <title>Météo</title>
    <category lang="fr">météo</category>
    <length units="minutes">10</length>
    <icon src="https://television.telerama.fr/sites/tr_master/files/sheet_media/media/ff420106-f5cd-474d-93b8-813b0c03b835.jpg" />
    <premiere />
    <rating system="CSA">
      <value>Tout public</value>
    </rating>
  </programme>
  <programme start="20191120195000 +0100" stop="20191120205000 +0100" channel="C168.api.telerama.fr">
    <title>Juge d'un jour</title>
    <desc lang="fr">Saison:1 - De vraies affaires pénales pour un jury populaire : Julie Denayer invite les téléspectateurs à se prononcer sur des crimes impliquant notamment la violence ou le vol. Les jurés, qui sont des citoyens lambda, vont devoir imposer des peines dans diverses affaires criminelles. Sans connaître le jugement dans le procès réel, les jurés devront déterminer la peine en se basant sur une reconstitution et sur des informations factuelles. A la fin, Julie Denayer informera les jurés du jugement qui a en effet été proclamé.</desc>
    <credits>
      <presenter>Julie Denayer</presenter>
    </credits>
    <category lang="fr">magazine de société</category>
    <length units="hours">1</length>
    <icon src="https://television.telerama.fr/sites/tr_master/files/sheet_media/media/92731c63-4502-49e1-bc4f-b0d984ede315.jpg" />
    <episode-num system="xmltv_ns">0..</episode-num>
    <premiere />
    <rating system="CSA">
      <value>Tout public</value>
    </rating>
  </programme>
  <programme start="20191120205000 +0100" stop="20191120214000 +0100" channel="C168.api.telerama.fr">
    <title>FBI</title>
    <sub-title>Dure limite</sub-title>
    <desc lang="fr">Saison:1 - Episode:11 - Une juge et sa fille sont assassinées après que la magistrate a condamné un homme à la prison à vie. Alors que Maggie et Zidan recherchent le coupable, Dana s'investit d'autant plus dans l'enquête qu'elle connaissait la juge...</desc>
    <credits>
      <director>Norberto Barba</director>
      <actor>Missy Peregrym (Maggie Bell)</actor>
      <actor>Zeeko Zaki (Omar Adom Zidan)</actor>
      <actor>Ebonee Noel (Kristen Chazal)</actor>
      <actor>Jeremy Sisto (Jubal Valentine)</actor>
      <actor>Sela Ward (Dana Mosier)</actor>
      <actor>Milauna Jackson (Gina Pratt)</actor>
      <actor>Zach McGowan (Dylan Rossi)</actor>
      <actor>Gerald McCullouch (Mike Chapman)</actor>
      <writer>Craig Turk</writer>
      <writer>Dick Wolf</writer>
      <writer>Rick Eid</writer>
    </credits>
    <category lang="fr">série policière</category>
    <length units="minutes">50</length>
    <country>Etats-Unis</country>
    <episode-num system="xmltv_ns">0.10.</episode-num>
    <premiere />
    <rating system="CSA">
      <value>-10</value>
      <icon src="http://upload.wikimedia.org/wikipedia/commons/thumb/b/bf/Moins10.svg/200px-Moins10.svg.png" />
    </rating>
  </programme>
  <programme start="20191120214000 +0100" stop="20191120223000 +0100" channel="C168.api.telerama.fr">
    <title>FBI</title>
    <sub-title>Un nouveau jour</sub-title>
    <desc lang="fr">Saison:1 - Episode:12 - Nathaniel Bain, activiste d'extrême-droite notoire et controversé, est tué à l'issue d'une intervention dans une université de New York. Pour mener à bien leur enquête dans les milieux de l'alt-right, Maggie et Omar bénéficient de l'aide d'Amira, étudiante sur le campus et soeur de l'agent Zidan...</desc>
    <credits>
      <director>Terry Miller</director>
      <actor>Missy Peregrym (Maggie Bell)</actor>
      <actor>Zeeko Zaki (Omar Adom Zidan)</actor>
      <actor>Jeremy Sisto (Jubal Valentine)</actor>
      <actor>Ebonee Noel (Kristen Chazal)</actor>
      <actor>Sela Ward (Dana Mosier)</actor>
      <actor>Michael C Williams (Cole Cooper)</actor>
      <actor>Cynthia Hamidi (Amira Zidan)</actor>
      <actor>Dennis Boutsikaris (Edgar Whitman)</actor>
      <writer>Craig Turk</writer>
      <writer>Dick Wolf</writer>
    </credits>
    <category lang="fr">série policière</category>
    <length units="minutes">50</length>
    <country>Etats-Unis</country>
    <episode-num system="xmltv_ns">0.11.</episode-num>
    <premiere />
    <rating system="CSA">
      <value>-10</value>
      <icon src="http://upload.wikimedia.org/wikipedia/commons/thumb/b/bf/Moins10.svg/200px-Moins10.svg.png" />
    </rating>
  </programme>
  <programme start="20191120223000 +0100" stop="20191120232500 +0100" channel="C168.api.telerama.fr">
    <title>S.W.A.T. *2017</title>
    <sub-title>Armés jusqu'aux dents</sub-title>
    <desc lang="fr">Saison:3 - Episode:5 - Un gang jamaïcain dérobe le contenu d'un camion rempli d'armes d'assaut destinées à la destruction. Les malfaiteurs projettent de les revendre à plusieurs gangs de Long Beach. Pendant ce temps, le projet de food truck de Luca semble bien parti. Quant au père de Hondo, un diagnostic médical est enfin posé...</desc>
    <credits>
      <director>Lin Oeding</director>
      <actor>Shemar Moore (Daniel «Hondo» Harrelson)</actor>
      <actor>Alex Russell (Jim Street)</actor>
      <actor>Lina Esco (Christina «Chris» Alonso)</actor>
      <actor>Kenny Johnson (Dominique Luca)</actor>
      <actor>David Lim (Victor Tan)</actor>
      <actor>Amy Farrington (Piper Lynch)</actor>
      <actor>Jay Harrington (David «Deacon» Kay)</actor>
      <actor>Obba Babatundé (Daniel Harrelson senior)</actor>
      <actor>Deshae Frost (Darryl)</actor>
      <actor>Jared Farid Ward (l'inspecteur Branson)</actor>
      <writer>Aaron Rahsaan Thomas</writer>
      <writer>Shawn Ryan</writer>
      <writer>Aaron Rahsaan Thomas</writer>
    </credits>
    <category lang="fr">série policière</category>
    <length units="minutes">55</length>
    <icon src="https://television.telerama.fr/sites/tr_master/files/sheet_media/media/89b12c7b-c982-4d3e-84a3-86752a807b33.jpg" />
    <country>Etats-Unis</country>
    <episode-num system="xmltv_ns">2.4.</episode-num>
    <premiere />
    <rating system="CSA">
      <value>-10</value>
      <icon src="http://upload.wikimedia.org/wikipedia/commons/thumb/b/bf/Moins10.svg/200px-Moins10.svg.png" />
    </rating>
  </programme>
  <programme start="20191120232500 +0100" stop="20191121002000 +0100" channel="C168.api.telerama.fr">
    <title>S.W.A.T. *2017</title>
    <sub-title>La voix de la liberté</sub-title>
    <desc lang="fr">Saison:3 - Episode:6 - Au siège du S.W.A.T. de Los Angeles, l'équipe dirigée par le sergent Hondo Harrelson lutte contre les crimes, trafics, cartels et gangs qui gangrènent la Cité des anges.</desc>
    <credits>
      <director>David Rodriguez</director>
      <actor>Shemar Moore (Daniel «Hondo» Harrelson)</actor>
      <actor>Alex Russell (Jim Street)</actor>
      <actor>Lina Esco (Christina «Chris» Alonso)</actor>
      <actor>Kenny Johnson (Dominique Luca)</actor>
      <actor>David Lim (Victor Tan)</actor>
      <actor>Patrick St Esprit (Robert Hicks)</actor>
      <actor>Amy Farrington (Piper Lynch)</actor>
      <actor>Jay Harrington (David «Deacon» Kay)</actor>
      <actor>Obba Babatundé (Daniel Harrelson senior)</actor>
      <actor>Deshae Frost (Darryl)</actor>
      <writer>Aaron Rahsaan Thomas</writer>
      <writer>Shawn Ryan</writer>
    </credits>
    <category lang="fr">série policière</category>
    <length units="minutes">55</length>
    <country>Etats-Unis</country>
    <episode-num system="xmltv_ns">2.5.</episode-num>
    <premiere />
    <rating system="CSA">
      <value>-10</value>
      <icon src="http://upload.wikimedia.org/wikipedia/commons/thumb/b/bf/Moins10.svg/200px-Moins10.svg.png" />
    </rating>
  </programme>
  <programme start="20191121002000 +0100" stop="20191121003000 +0100" channel="C168.api.telerama.fr">
    <title>Loïc, fou de cuisine</title>
    <desc lang="fr">Saison:1 - Loïc n'est pas un «chef» mais un fou de cuisine. Ses grands-parents et parents sont à la base de son éducation culinaire et c'est grâce aux livres, à la télévision, Facebook, YouTube et Instagram que Loïc a poursuivi son apprentissage. Sa cuisine est super rapide, facile et toujours gourmande.</desc>
    <credits>
      <presenter>Loïc</presenter>
    </credits>
    <category lang="fr">magazine culinaire</category>
    <length units="minutes">10</length>
    <icon src="https://television.telerama.fr/sites/tr_master/files/sheet_media/media/fec55851-118b-4b03-a3d3-9fca65bf6fbe.jpg" />
    <episode-num system="xmltv_ns">0..</episode-num>
    <rating system="CSA">
      <value>Tout public</value>
    </rating>
  </programme>
  <programme start="20191121003000 +0100" stop="20191121003500 +0100" channel="C168.api.telerama.fr">
    <title>Météo</title>
    <category lang="fr">météo</category>
    <length units="minutes">5</length>
    <icon src="https://television.telerama.fr/sites/tr_master/files/sheet_media/media/ff420106-f5cd-474d-93b8-813b0c03b835.jpg" />
    <premiere />
    <rating system="CSA">
      <value>Tout public</value>
    </rating>
  </programme>
  <programme start="20191121003500 +0100" stop="20191121012000 +0100" channel="C168.api.telerama.fr">
    <title>RTL info 19 heures</title>
    <category lang="fr">journal</category>
    <length units="minutes">45</length>
    <icon src="https://television.telerama.fr/sites/tr_master/files/sheet_media/media/7de0fb1c-d452-42a8-ad43-5c27dddef2b4.jpg" />
    <rating system="CSA">
      <value>Tout public</value>
    </rating>
  </programme>
  <programme start="20191121012000 +0100" stop="20191121032000 +0100" channel="C168.api.telerama.fr">
    <title>Jeux de nuit</title>
    <desc lang="fr">Rendez-vous pour une série de jeux télévisés interactifs. En répondant correctement aux nombreuses questions affichées, les téléspectateurs peuvent tenter leur chance afin de remporter différents gains. Ce programme regroupant plusieurs jeux offre un moment de divertissement et de bonne humeur.</desc>
    <category lang="fr">jeu</category>
    <length units="hours">2</length>
    <icon src="https://television.telerama.fr/sites/tr_master/files/sheet_media/media/3f1fb20f-12ab-4e2b-9e12-030d9cc2e502.jpg" />
    <premiere />
    <rating system="CSA">
      <value>Tout public</value>
    </rating>
  </programme>
  <programme start="20191121032000 +0100" stop="20191121050000 +0100" channel="C168.api.telerama.fr">
    <title>Boucle de nuit</title>
    <category lang="fr">journal</category>
    <length units="minutes">100</length>
    <icon src="https://television.telerama.fr/sites/tr_master/files/sheet_media/media/7de0fb1c-d452-42a8-ad43-5c27dddef2b4.jpg" />
    <rating system="CSA">
      <value>Tout public</value>
    </rating>
  </programme>
  <programme start="20191121082500 +0100" stop="20191121105500 +0100" channel="C168.api.telerama.fr">
    <title>Télé-achat</title>
    <desc lang="fr">Chaque jour, un produit exclusif est mis en valeur, au travers de reportages dévoilant son utilisation et son concept.</desc>
    <category lang="fr">magazine de télé-achat</category>
    <length units="minutes">150</length>
    <icon src="https://television.telerama.fr/sites/tr_master/files/sheet_media/media/f2feaeba-87d2-4f7e-83a6-7e3f72ef4dd3.jpg" />
    <rating system="CSA">
      <value>Tout public</value>
    </rating>
  </programme>
  <programme start="20191121105500 +0100" stop="20191121120500 +0100" channel="C168.api.telerama.fr">
    <title>Shopping Hours</title>
    <desc lang="fr">Chaque jour, un produit exclusif est mis en valeur, au travers de reportages dévoilant son utilisation et son concept.</desc>
    <category lang="fr">magazine de télé-achat</category>
    <length units="minutes">70</length>
    <icon src="https://television.telerama.fr/sites/tr_master/files/sheet_media/media/f2feaeba-87d2-4f7e-83a6-7e3f72ef4dd3.jpg" />
    <rating system="CSA">
      <value>Tout public</value>
    </rating>
  </programme>
  <programme start="20191121120500 +0100" stop="20191121121500 +0100" channel="C168.api.telerama.fr">
    <title>Loïc, fou de cuisine</title>
    <desc lang="fr">Saison:1 - Loïc n'est pas un «chef» mais un fou de cuisine. Ses grands-parents et parents sont à la base de son éducation culinaire et c'est grâce aux livres, à la télévision, Facebook, YouTube et Instagram que Loïc a poursuivi son apprentissage. Sa cuisine est super rapide, facile et toujours gourmande.</desc>
    <credits>
      <presenter>Loïc</presenter>
    </credits>
    <category lang="fr">magazine culinaire</category>
    <length units="minutes">10</length>
    <icon src="https://television.telerama.fr/sites/tr_master/files/sheet_media/media/fec55851-118b-4b03-a3d3-9fca65bf6fbe.jpg" />
    <episode-num system="xmltv_ns">0..</episode-num>
    <rating system="CSA">
      <value>Tout public</value>
    </rating>
  </programme>
  <programme start="20191121121500 +0100" stop="20191121124500 +0100" channel="C168.api.telerama.fr">
    <title>Un si grand soleil</title>
    <desc lang="fr">Saison:2 - Episode:65 - Alors que Maryline accueille un nouveau colocataire chez elle, Mo tente de protéger sa fille. Claire, quant à elle, fait une étrange découverte…</desc>
    <credits>
      <actor>Auguste Yvon (Arthur)</actor>
      <actor>Manuel Blanc (Guilhem)</actor>
      <actor>Naima Rodric (Lucille)</actor>
      <actor>Chrystelle Labaude (Elizabeth)</actor>
      <actor>Marthe Fieschi (Léa)</actor>
      <actor>Folco Marchi (Ludo)</actor>
      <actor>Mélanie Maudran (Claire)</actor>
      <actor>Valérie Kaprisky (Jo)</actor>
      <writer>Toma de Matteis</writer>
    </credits>
    <category lang="fr">feuilleton policier</category>
    <length units="minutes">30</length>
    <icon src="https://television.telerama.fr/sites/tr_master/files/sheet_media/media/dcd5e49f-db1a-4593-a9a6-a101cc4719d1.jpg" />
    <country>français</country>
    <episode-num system="xmltv_ns">1.64.</episode-num>
    <premiere />
    <rating system="CSA">
      <value>Tout public</value>
    </rating>
  </programme>
  <programme start="20191121124500 +0100" stop="20191121130000 +0100" channel="C168.api.telerama.fr">
    <title>RTL info bienvenue</title>
    <category lang="fr">journal</category>
    <length units="minutes">15</length>
    <icon src="https://television.telerama.fr/sites/tr_master/files/sheet_media/media/7de0fb1c-d452-42a8-ad43-5c27dddef2b4.jpg" />
    <premiere />
    <rating system="CSA">
      <value>Tout public</value>
    </rating>
  </programme>
  <programme start="20191121130000 +0100" stop="20191121132000 +0100" channel="C168.api.telerama.fr">
    <title>RTL info 13 heures</title>
    <category lang="fr">journal</category>
    <length units="minutes">20</length>
    <icon src="https://television.telerama.fr/sites/tr_master/files/sheet_media/media/7de0fb1c-d452-42a8-ad43-5c27dddef2b4.jpg" />
    <premiere />
    <rating system="CSA">
      <value>Tout public</value>
    </rating>
  </programme>
  <programme start="20191121132000 +0100" stop="20191121133500 +0100" channel="C168.api.telerama.fr">
    <title>RTL info avec vous</title>
    <category lang="fr">journal</category>
    <length units="minutes">15</length>
    <icon src="https://television.telerama.fr/sites/tr_master/files/sheet_media/media/7de0fb1c-d452-42a8-ad43-5c27dddef2b4.jpg" />
    <premiere />
    <rating system="CSA">
      <value>Tout public</value>
    </rating>
  </programme>
  <programme start="20191121133500 +0100" stop="20191121134500 +0100" channel="C168.api.telerama.fr">
    <title>Météo</title>
    <category lang="fr">météo</category>
    <length units="minutes">10</length>
    <icon src="https://television.telerama.fr/sites/tr_master/files/sheet_media/media/ff420106-f5cd-474d-93b8-813b0c03b835.jpg" />
    <premiere />
    <rating system="CSA">
      <value>Tout public</value>
    </rating>
  </programme>
  <programme start="20191121134500 +0100" stop="20191121152500 +0100" channel="C168.api.telerama.fr">
    <title>Mon héroïne de Noël</title>
    <desc lang="fr">Jenny est une jeune femme pompier. Sa relation avec Tom se complique lorsque l'ex-femme de celui-ci, Mary, fait appel à lui pour booster les ventes de son nouveau livre. S'il n'accepte pas de faire semblant d'être à nouveau en couple avec elle, elle menace de demander la garde exclusive de leur fille...</desc>
    <credits>
      <director>George Erschbamer</director>
      <actor>Anna Hutchinson (Jenny Jenkins)</actor>
      <actor>Marcus Rosner (Tom Norris)</actor>
      <actor>Anita Brown (Mary Hamilton)</actor>
      <actor>Bruce Dawson (James Hamilton)</actor>
      <actor>Jerry Trimble (Taylor)</actor>
      <actor>Benjamin Charles Watson (Parker Philips)</actor>
      <actor>Jaeda Lily Miller (Sadie)</actor>
      <actor>Rachel Hayward (Lori Lawrence)</actor>
      <writer>Brian Skiba</writer>
    </credits>
    <category lang="fr">téléfilm sentimental</category>
    <length units="minutes">100</length>
    <icon src="https://television.telerama.fr/sites/tr_master/files/sheet_media/media/60fabc14-d756-47f4-a058-34512b967fef.jpg" />
    <country>canadien</country>
    <rating system="CSA">
      <value>Tout public</value>
    </rating>
  </programme>
  <programme start="20191121152500 +0100" stop="20191121162000 +0100" channel="C168.api.telerama.fr">
    <title>Les mamans</title>
    <desc lang="fr">Pour cette seconde saison, six jeunes mamans âgées de 24 à 30 ans nous font partager leur quotidien de mères et leur vie de femmes, leurs petits succès et leurs grandes victoires : les sorties, les fêtes de famille, les premiers pas des enfants ou encore les rencontres amoureuses.</desc>
    <date>2018</date>
    <category lang="fr">documentaire : société</category>
    <length units="minutes">55</length>
    <icon src="https://television.telerama.fr/sites/tr_master/files/sheet_media/media/04ca6d95-5e7d-42ce-8eab-9b78805502f5.jpg" />
    <premiere />
    <rating system="CSA">
      <value>Tout public</value>
    </rating>
  </programme>
  <programme start="20191121162000 +0100" stop="20191121172000 +0100" channel="C168.api.telerama.fr">
    <title>Les reines du shopping</title>
    <sub-title>Irrésistible avec un imprimé fleuri</sub-title>
    <desc lang="fr">Laura, Airelle, Francine, Laurie et Saba partent en quête d'une tenue correspondant au thème «irrésistible avec un imprimé fleuri» avec un budget de 350 euros.</desc>
    <credits>
      <presenter>Cristina Cordula</presenter>
    </credits>
    <category lang="fr">jeu</category>
    <length units="hours">1</length>
    <icon src="https://television.telerama.fr/sites/tr_master/files/sheet_media/media/3f1fb20f-12ab-4e2b-9e12-030d9cc2e502.jpg" />
    <premiere />
    <rating system="CSA">
      <value>Tout public</value>
    </rating>
  </programme>
  <programme start="20191121172000 +0100" stop="20191121182000 +0100" channel="C168.api.telerama.fr">
    <title>Objectif Top chef</title>
    <sub-title>Semaine 3</sub-title>
    <desc lang="fr">Saison:5 - Pour trouver la perle rare qui fera partie de sa brigade dans «Top chef», Philippe Etchebest sélectionne des apprentis motivés et, pour la première fois, des amateurs qui veulent changer de vie.</desc>
    <credits>
      <presenter>Philippe Etchebest</presenter>
    </credits>
    <category lang="fr">magazine culinaire</category>
    <length units="hours">1</length>
    <icon src="https://television.telerama.fr/sites/tr_master/files/sheet_media/media/9d4b972f-4ec4-4aa3-b42a-b57df8589e4d.jpg" />
    <episode-num system="xmltv_ns">4..</episode-num>
    <premiere />
    <rating system="CSA">
      <value>Tout public</value>
    </rating>
  </programme>
  <programme start="20191121182000 +0100" stop="20191121183000 +0100" channel="C168.api.telerama.fr">
    <title>Loïc, fou de cuisine</title>
    <desc lang="fr">Saison:1 - Loïc n'est pas un «chef» mais un fou de cuisine. Ses grands-parents et parents sont à la base de son éducation culinaire et c'est grâce aux livres, à la télévision, Facebook, YouTube et Instagram que Loïc a poursuivi son apprentissage. Sa cuisine est super rapide, facile et toujours gourmande.</desc>
    <credits>
      <presenter>Loïc</presenter>
    </credits>
    <category lang="fr">magazine culinaire</category>
    <length units="minutes">10</length>
    <icon src="https://television.telerama.fr/sites/tr_master/files/sheet_media/media/fec55851-118b-4b03-a3d3-9fca65bf6fbe.jpg" />
    <episode-num system="xmltv_ns">0..</episode-num>
    <premiere />
    <rating system="CSA">
      <value>Tout public</value>
    </rating>
  </programme>
  <programme start="20191121183000 +0100" stop="20191121190000 +0100" channel="C168.api.telerama.fr">
    <title>Septante et un</title>
    <desc lang="fr">Un candidat unique affronte un public en studio. Pour gagner, il doit avoir éliminé la totalité du public à la fin de la dixième épreuve.</desc>
    <credits>
      <presenter>Jean-Michel Zecca</presenter>
    </credits>
    <category lang="fr">jeu</category>
    <length units="minutes">30</length>
    <icon src="https://television.telerama.fr/sites/tr_master/files/sheet_media/media/271ed88a-a547-45c0-8386-37b7ea4eded8.jpg" />
    <premiere />
    <rating system="CSA">
      <value>Tout public</value>
    </rating>
  </programme>
  <programme start="20191121190000 +0100" stop="20191121194000 +0100" channel="C168.api.telerama.fr">
    <title>RTL info 19 heures</title>
    <category lang="fr">journal</category>
    <length units="minutes">40</length>
    <icon src="https://television.telerama.fr/sites/tr_master/files/sheet_media/media/7de0fb1c-d452-42a8-ad43-5c27dddef2b4.jpg" />
    <premiere />
    <rating system="CSA">
      <value>Tout public</value>
    </rating>
  </programme>
  <programme start="20191121194000 +0100" stop="20191121195000 +0100" channel="C168.api.telerama.fr">
    <title>Météo</title>
    <category lang="fr">météo</category>
    <length units="minutes">10</length>
    <icon src="https://television.telerama.fr/sites/tr_master/files/sheet_media/media/ff420106-f5cd-474d-93b8-813b0c03b835.jpg" />
    <premiere />
    <rating system="CSA">
      <value>Tout public</value>
    </rating>
  </programme>
  <programme start="20191121195000 +0100" stop="20191121204500 +0100" channel="C168.api.telerama.fr">
    <title>Wonder : ma différence, ma force !</title>
    <desc lang="fr">Hugo, Luc, Emilie et Louis portent chacun une différence qui ne les empêche pas de regarder vers l'avenir avec le sourire. Hugo, huit ans, est impatient de rentrer dans sa nouvelle école même s'il est atteint de difficultés physiques et mentales. Luc, unijambiste de 55 ans, se prépare pour un triathlon. A 34 ans, Emilie, trisomique, vient d'emménager avec Christophe son fiancé. Louis, paraplégique de 24 ans, est bien décidé à devenir journaliste TV et vise les Jeux olympiques en aviron.</desc>
    <credits>
      <presenter>Sandrine Dans</presenter>
    </credits>
    <category lang="fr">divertissement</category>
    <length units="minutes">55</length>
    <icon src="https://television.telerama.fr/sites/tr_master/files/sheet_media/media/3f1fb20f-12ab-4e2b-9e12-030d9cc2e502.jpg" />
    <premiere />
    <rating system="CSA">
      <value>Tout public</value>
    </rating>
  </programme>
  <programme start="20191121204500 +0100" stop="20191121224500 +0100" channel="C168.api.telerama.fr">
    <title>Wonder</title>
    <desc lang="fr">C'est la rentrée des classes pour August Pullman qui, affublé d'un casque d'astronaute, entre en CM2. C'est un jour important pour le petit garçon qui n'a jamais mis les pieds dans une école. Atteint d'une malformation au visage, ses parents craignaient qu'il soit maltraité. Plusieurs opérations plus tard, August s'apprête donc à côtoyer des enfants de son âge. Et d'emblée, c'est compliqué : il devient très vite la cible de certains élèves. L'un d'entre eux, plus intelligent que les autres, fait fi des apparences en devenant son ami. Avec l'aide de son professeur et de parents aimants, August trouve peu à peu sa place... - Critique : Après &lt;em&gt;Le Monde de Charlie&lt;/em&gt; (2012), Stephen Chbosky continue son exploration de l’uni­vers des ados en adaptant un roman de R.J. Palacio, qui raconte l’entrée au collège d’un garçon atteint d’une malformation congénitale du visage. Malgré la relative ori­gina­lité de la narration, vaguement ­décons­truite, la force tranquille de &lt;em&gt;Wonder&lt;/em&gt; vient de son casting mêlant jeunes inter­prètes doués et grands professionnels : ­Julia Roberts et Owen Wilson en parents ­aimants, Mandy Patinkin (vu dans la série &lt;em&gt;Homeland&lt;/em&gt;) en directeur d’établissement bienveillant. Et même si les enjeux restent prévisibles — l’intégration de l’enfant extraordinaire —, il n’est pas interdit de voir dans cette histoire singulière une métaphore plus large de l’adolescence, âge des « freaks » par excellence.</desc>
    <credits>
      <director>Stephen Chbosky</director>
      <actor>Julia Roberts (Isabel Pullman)</actor>
      <actor>Jacob Tremblay (Auggie Pullman)</actor>
      <actor>Owen Wilson (Nate Pullman)</actor>
      <actor>Mandy Patinkin (monsieur Tushman)</actor>
      <actor>Daveed Diggs (monsieur Browne)</actor>
      <actor>Emma Tremblay (Michelle)</actor>
      <actor>Noah Jupe (Jack)</actor>
      <actor>Izabela Vidovic (Via Pullman)</actor>
      <actor>Sonia Braga (Grans)</actor>
      <actor>Bryce Gheisar (Julian)</actor>
      <actor>Crystal Lowe (la mère de Julian)</actor>
      <actor>Nadji Jeter (Justin)</actor>
      <actor>Steve Bacic (le père de Justin)</actor>
      <writer>Stephen Chbosky</writer>
      <writer>Steve Conrad</writer>
      <writer>Jack Thorne</writer>
      <composer>Marcelo Zarvos</composer>
      <guest>RJ Palacio</guest>
      <guest>Kalina Ivanov</guest>
      <guest>Don Burgess</guest>
    </credits>
    <date>2017</date>
    <category lang="fr">film : drame</category>
    <length units="hours">2</length>
    <icon src="https://television.telerama.fr/sites/tr_master/files/sheet_media/media/339632e7-7f98-4031-b756-5f5fab8f4149.jpg" />
    <country>Etats-Unis</country>
    <premiere />
    <rating system="CSA">
      <value>Tout public</value>
    </rating>
    <star-rating>
      <value>3/5</value>
    </star-rating>
  </programme>
  <programme start="20191121224500 +0100" stop="20191121230500 +0100" channel="C168.api.telerama.fr">
    <title>Good News</title>
    <desc lang="fr">«Good News», c'est l'émission d'actu des bonnes nouvelles musicales, cinéma, culture, loisirs, évènements. Au programme : des reportages, interviews, making of, le tout, dans la bonne humeur grâce au peps légendaire de Sandrine.</desc>
    <category lang="fr">magazine d'actualité</category>
    <length units="minutes">20</length>
    <icon src="https://television.telerama.fr/sites/tr_master/files/sheet_media/media/1d8ac3fe-689b-4b98-b9b0-07dafdeb11b5.jpg" />
    <rating system="CSA">
      <value>Tout public</value>
    </rating>
  </programme>
  <programme start="20191121230500 +0100" stop="20191122012500 +0100" channel="C168.api.telerama.fr">
    <title>Le meilleur pâtissier</title>
    <sub-title>La vie en rose !</sub-title>
    <desc lang="fr">Saison:8 - Après avoir transformé, à la demande de Cyril Lignac, un simple bouquet de roses en un gâteau original à la rose, les candidats s'attaquent à l'épreuve de Mercotte, qui consiste à réaliser un Rosamour. Enfin, ils doivent dévoiler, en gâteau, celles et ceux qui leur font voir la vie en rose.</desc>
    <credits>
      <presenter>Julia Vignali</presenter>
      <presenter>Cyril Lignac</presenter>
      <presenter>Mercotte</presenter>
      <guest>Pierre Hermé (meilleur pâtissier du monde en 2016)</guest>
    </credits>
    <category lang="fr">jeu</category>
    <length units="minutes">140</length>
    <icon src="https://television.telerama.fr/sites/tr_master/files/sheet_media/media/a7da39fe-ff7d-4702-9abe-59c4c33fcf10.jpg" />
    <episode-num system="xmltv_ns">7..</episode-num>
    <rating system="CSA">
      <value>Tout public</value>
    </rating>
  </programme>
  <programme start="20191122012500 +0100" stop="20191122014000 +0100" channel="C168.api.telerama.fr">
    <title>La cerise sur le gâteau</title>
    <desc lang="fr">Aidée par Mélanie Mayne, finaliste de la saison 5, Emilie Dupuis réalise un gâteau. Mélanie dévoile ses trucs et astuces et reproduit le même gâteau qu'Emilie en le transformant et en apportant quelques modifications.</desc>
    <category lang="fr">magazine culinaire</category>
    <length units="minutes">15</length>
    <icon src="https://television.telerama.fr/sites/tr_master/files/sheet_media/media/fec55851-118b-4b03-a3d3-9fca65bf6fbe.jpg" />
    <rating system="CSA">
      <value>Tout public</value>
    </rating>
  </programme>
  <programme start="20191122014000 +0100" stop="20191122015000 +0100" channel="C168.api.telerama.fr">
    <title>Loïc, fou de cuisine</title>
    <desc lang="fr">Saison:1 - Loïc n'est pas un «chef» mais un fou de cuisine. Ses grands-parents et parents sont à la base de son éducation culinaire et c'est grâce aux livres, à la télévision, Facebook, YouTube et Instagram que Loïc a poursuivi son apprentissage. Sa cuisine est super rapide, facile et toujours gourmande.</desc>
    <credits>
      <presenter>Loïc</presenter>
    </credits>
    <category lang="fr">magazine culinaire</category>
    <length units="minutes">10</length>
    <icon src="https://television.telerama.fr/sites/tr_master/files/sheet_media/media/fec55851-118b-4b03-a3d3-9fca65bf6fbe.jpg" />
    <episode-num system="xmltv_ns">0..</episode-num>
    <rating system="CSA">
      <value>Tout public</value>
    </rating>
  </programme>
  <programme start="20191122015000 +0100" stop="20191122015500 +0100" channel="C168.api.telerama.fr">
    <title>Météo</title>
    <category lang="fr">météo</category>
    <length units="minutes">5</length>
    <icon src="https://television.telerama.fr/sites/tr_master/files/sheet_media/media/ff420106-f5cd-474d-93b8-813b0c03b835.jpg" />
    <premiere />
    <rating system="CSA">
      <value>Tout public</value>
    </rating>
  </programme>
  <programme start="20191122015500 +0100" stop="20191122023500 +0100" channel="C168.api.telerama.fr">
    <title>RTL info 19 heures</title>
    <category lang="fr">journal</category>
    <length units="minutes">40</length>
    <icon src="https://television.telerama.fr/sites/tr_master/files/sheet_media/media/7de0fb1c-d452-42a8-ad43-5c27dddef2b4.jpg" />
    <rating system="CSA">
      <value>Tout public</value>
    </rating>
  </programme>
  <programme start="20191122023500 +0100" stop="20191122043500 +0100" channel="C168.api.telerama.fr">
    <title>Jeux de nuit</title>
    <desc lang="fr">Rendez-vous pour une série de jeux télévisés interactifs. En répondant correctement aux nombreuses questions affichées, les téléspectateurs peuvent tenter leur chance afin de remporter différents gains. Ce programme regroupant plusieurs jeux offre un moment de divertissement et de bonne humeur.</desc>
    <category lang="fr">jeu</category>
    <length units="hours">2</length>
    <icon src="https://television.telerama.fr/sites/tr_master/files/sheet_media/media/3f1fb20f-12ab-4e2b-9e12-030d9cc2e502.jpg" />
    <premiere />
    <rating system="CSA">
      <value>Tout public</value>
    </rating>
  </programme>
  <programme start="20191122043500 +0100" stop="20191122050000 +0100" channel="C168.api.telerama.fr">
    <title>Boucle de nuit</title>
    <category lang="fr">journal</category>
    <length units="minutes">25</length>
    <icon src="https://television.telerama.fr/sites/tr_master/files/sheet_media/media/7de0fb1c-d452-42a8-ad43-5c27dddef2b4.jpg" />
    <rating system="CSA">
      <value>Tout public</value>
    </rating>
  </programme>
</tv>
