<?xml version="1.0" encoding="UTF-8"?>
<!DOCTYPE tv SYSTEM "xmltv.dtd">

<tv source-info-url="https://api.telerama.fr" source-data-url="https://api.telerama.fr" generator-info-name="XMLTV" generator-info-url="http://mythtv-fr.org/">
  <channel id="C192.api.telerama.fr">
    <display-name>TF1</display-name>
    <icon src="http://television.telerama.fr/sites/tr_master/files/sheet_media/tv/500x500/192.png" />
  </channel>
  <programme start="20191120063000 +0100" stop="20191120093000 +0100" channel="C192.api.telerama.fr">
    <title>TFou</title>
    <desc lang="fr">Au sommaire :</desc>
    <category lang="fr">magazine jeunesse</category>
    <length units="hours">3</length>
    <icon src="https://television.telerama.fr/sites/tr_master/files/sheet_media/media/0f12cd6f-c823-403a-bcde-499598a00334.jpg" />
    <rating system="CSA">
      <value>Tout public</value>
    </rating>
  </programme>
  <programme start="20191120093000 +0100" stop="20191120093500 +0100" channel="C192.api.telerama.fr">
    <title>Météo</title>
    <category lang="fr">météo</category>
    <length units="minutes">5</length>
    <icon src="https://television.telerama.fr/sites/tr_master/files/sheet_media/media/ff420106-f5cd-474d-93b8-813b0c03b835.jpg" />
    <rating system="CSA">
      <value>Tout public</value>
    </rating>
  </programme>
  <programme start="20191120093500 +0100" stop="20191120102000 +0100" channel="C192.api.telerama.fr">
    <title>Téléshopping</title>
    <credits>
      <presenter>Marie-Ange Nardi</presenter>
      <presenter>Alexandre Devoise</presenter>
    </credits>
    <category lang="fr">magazine de télé-achat</category>
    <length units="minutes">45</length>
    <icon src="https://television.telerama.fr/sites/tr_master/files/sheet_media/media/3900e560-b0f4-4697-b754-8274acedfdcd.jpg" />
    <rating system="CSA">
      <value>Tout public</value>
    </rating>
  </programme>
  <programme start="20191120102000 +0100" stop="20191120102500 +0100" channel="C192.api.telerama.fr">
    <title>Météo</title>
    <category lang="fr">météo</category>
    <length units="minutes">5</length>
    <icon src="https://television.telerama.fr/sites/tr_master/files/sheet_media/media/ff420106-f5cd-474d-93b8-813b0c03b835.jpg" />
    <rating system="CSA">
      <value>Tout public</value>
    </rating>
  </programme>
  <programme start="20191120102500 +0100" stop="20191120110000 +0100" channel="C192.api.telerama.fr">
    <title>Demain nous appartient</title>
    <desc lang="fr">Saison:1 - Episode:598 - Le cas de Chloé fait débat au sein de l'équipe médicale. Malgré un regain d'espoir, Virginie conserve des rancoeurs. Bart est furieux de découvrir qu'il a été manipulé. Manon profite de la tension entre son père et sa soeur pour jouer sur les deux tableaux...</desc>
    <credits>
      <director>Christophe Barraud</director>
      <director>Sandra Perrin</director>
      <director>Jérôme Navarro</director>
      <actor>Ingrid Chauvin (Chloé)</actor>
      <actor>Linda Hardy (Clémentine)</actor>
      <actor>Samira Lachhab (Leïla)</actor>
      <actor>Franck Monsigny (Martin)</actor>
      <actor>Audrey Looten (Virginie)</actor>
      <actor>Clément Remiens (Maxime)</actor>
      <actor>Kamel Belghazi (William)</actor>
      <actor>Charlotte Valandrey (Laurence)</actor>
      <actor>Théo Cosset (Arthur)</actor>
      <writer>Frédéric Chansel</writer>
      <writer>Laure de Colbert</writer>
      <writer>Nicolas Durand-Zouky</writer>
      <writer>Eline Le Fur</writer>
      <writer>Sabine Cipolla</writer>
      <writer>Gaëlle Baron</writer>
      <writer>Sophie Decroisette</writer>
    </credits>
    <category lang="fr">série dramatique</category>
    <length units="minutes">35</length>
    <country>France</country>
    <episode-num system="xmltv_ns">0.597.</episode-num>
    <previously-shown />
    <rating system="CSA">
      <value>Tout public</value>
    </rating>
  </programme>
  <programme start="20191120110000 +0100" stop="20191120115500 +0100" channel="C192.api.telerama.fr">
    <title>Les feux de l'amour</title>
    <desc lang="fr">Episode:7826 - Jack tente de convaincre Lauren de lui vendre Fenmore. Gloria demande à Lauren un poste dans la société. Devant son refus, elle propose un marché à Jack. Victoria a des difficultés avec Reed. Billy tente de l'aider. Hilary est aux petits soins avec Devon ce qui fait enrager Neil et Lily...</desc>
    <credits>
      <actor>Peter Bergman (Jack)</actor>
      <actor>Tracey E Bregman (Lauren)</actor>
      <actor>Judith Chapman (Gloria)</actor>
      <actor>Amelia Heinle (Victoria)</actor>
      <actor>Mishael Morgan (Hilary)</actor>
      <actor>Kristoff St John (Neil)</actor>
      <actor>Eric Braeden (Victor)</actor>
      <actor>Alyvia Alyn Lind (Faith)</actor>
      <writer>Lee Phillip Bell</writer>
      <writer>William J Bell</writer>
    </credits>
    <category lang="fr">feuilleton sentimental</category>
    <length units="minutes">55</length>
    <icon src="https://television.telerama.fr/sites/tr_master/files/sheet_media/media/5da63861-c2f5-4813-8e45-82a5756ddde3.jpg" />
    <country>américain</country>
    <episode-num system="xmltv_ns">.7825.</episode-num>
    <premiere />
    <rating system="CSA">
      <value>Tout public</value>
    </rating>
  </programme>
  <programme start="20191120115500 +0100" stop="20191120120000 +0100" channel="C192.api.telerama.fr">
    <title>De l'@stuce à l'assiette</title>
    <desc lang="fr">Chaque jour, Juliette Delacroix répond à la question d'un internaute et donne ses trucs et astuces pour tout réussir en cuisine.</desc>
    <credits>
      <presenter>Juliette Delacroix</presenter>
    </credits>
    <category lang="fr">magazine de la gastronomie</category>
    <length units="minutes">5</length>
    <icon src="https://television.telerama.fr/sites/tr_master/files/sheet_media/media/b795a9e2-7c6d-4e6f-a3be-0edad6c41b85.jpg" />
    <previously-shown />
    <rating system="CSA">
      <value>Tout public</value>
    </rating>
  </programme>
  <programme start="20191120120000 +0100" stop="20191120125500 +0100" channel="C192.api.telerama.fr">
    <title>Les douze coups de midi</title>
    <desc lang="fr">Chaque jour, des candidats tentent de répondre à des questions ludiques et culturelles afin de gagner jusqu'à 30 000 euros. Mais attention, ils devront avoir décroché la mystérieuse étoile aux cadeaux avant que ne retentissent «Les Douze Coups de midi».</desc>
    <credits>
      <presenter>Jean-Luc Reichmann</presenter>
    </credits>
    <category lang="fr">jeu</category>
    <length units="minutes">55</length>
    <icon src="https://television.telerama.fr/sites/tr_master/files/sheet_media/media/8c40e21b-cddd-457d-bfaa-878a2fa23ff1.jpg" />
    <rating system="CSA">
      <value>Tout public</value>
    </rating>
  </programme>
  <programme start="20191120125500 +0100" stop="20191120130000 +0100" channel="C192.api.telerama.fr">
    <title>Petits plats en équilibre</title>
    <desc lang="fr">Toutes les astuces et recettes autour d'un ingrédient de saison.</desc>
    <credits>
      <presenter>Laurent Mariotte</presenter>
    </credits>
    <category lang="fr">magazine de la gastronomie</category>
    <length units="minutes">5</length>
    <icon src="https://television.telerama.fr/sites/tr_master/files/sheet_media/media/fec55851-118b-4b03-a3d3-9fca65bf6fbe.jpg" />
    <rating system="CSA">
      <value>Tout public</value>
    </rating>
  </programme>
  <programme start="20191120130000 +0100" stop="20191120133500 +0100" channel="C192.api.telerama.fr">
    <title>Journal</title>
    <credits>
      <presenter>Jean-Pierre Pernaut</presenter>
    </credits>
    <category lang="fr">journal</category>
    <length units="minutes">35</length>
    <icon src="https://television.telerama.fr/sites/tr_master/files/sheet_media/media/76e23d31-a68e-46f8-8a30-795f242c3d48.jpg" />
    <rating system="CSA">
      <value>Tout public</value>
    </rating>
  </programme>
  <programme start="20191120133500 +0100" stop="20191120134500 +0100" channel="C192.api.telerama.fr">
    <title>Petits plats en équilibre</title>
    <desc lang="fr">Toutes les astuces et recettes autour d'un ingrédient de saison.</desc>
    <credits>
      <presenter>Laurent Mariotte</presenter>
    </credits>
    <category lang="fr">magazine de la gastronomie</category>
    <length units="minutes">10</length>
    <icon src="https://television.telerama.fr/sites/tr_master/files/sheet_media/media/fec55851-118b-4b03-a3d3-9fca65bf6fbe.jpg" />
    <rating system="CSA">
      <value>Tout public</value>
    </rating>
  </programme>
  <programme start="20191120134500 +0100" stop="20191120135500 +0100" channel="C192.api.telerama.fr">
    <title>Météo</title>
    <category lang="fr">météo</category>
    <length units="minutes">10</length>
    <icon src="https://television.telerama.fr/sites/tr_master/files/sheet_media/media/ff420106-f5cd-474d-93b8-813b0c03b835.jpg" />
    <rating system="CSA">
      <value>Tout public</value>
    </rating>
  </programme>
  <programme start="20191120135500 +0100" stop="20191120153500 +0100" channel="C192.api.telerama.fr">
    <title>Mon petit mensonge de Noël</title>
    <desc lang="fr">Jillian, consultante de son petit ami George, un politicien en vue, est conviée à passer Noël dans la famille de celui-ci, dans le Connecticut. Mais un mensonge au sujet d'un jouet va l'entraîner dans une étrange spirale : une fois dans le Connecticut, elle se rend compte qu'elle ne peut plus mentir...</desc>
    <credits>
      <director>Jay Karas</director>
      <actor>Kali Hawk (Jillian)</actor>
      <actor>Damon Dayoub (George)</actor>
      <actor>Ali Ghandour (Blake)</actor>
      <actor>Michela Cannon (Zoe)</actor>
      <actor>Paul Dick (le Père Noël)</actor>
      <actor>John Koensgen (monsieur Festerman)</actor>
      <actor>Jolanta Mojsej (madame Festerman)</actor>
      <actor>Dan Lett (Bob Beauman)</actor>
      <writer>Kelly Bowe</writer>
    </credits>
    <category lang="fr">téléfilm sentimental</category>
    <length units="minutes">100</length>
    <icon src="https://television.telerama.fr/sites/tr_master/files/sheet_media/media/ecdad272-210c-4d5e-ae9a-2a8676b2ebca.jpg" />
    <country>américain</country>
    <audio>
      <stereo>bilingual</stereo>
    </audio>
    <premiere />
    <rating system="CSA">
      <value>Tout public</value>
    </rating>
  </programme>
  <programme start="20191120153500 +0100" stop="20191120170500 +0100" channel="C192.api.telerama.fr">
    <title>Un Noël magique</title>
    <desc lang="fr">Lindsey, une veuve, élève seule sa fille Hannah. Son compagnon a perdu la vie trois ans auparavant, à la période de Noël, et l'arrivée des fêtes de fin d'année est toujours délicate pour elle. Cette année pourtant, elle a décidé de faire un effort pour que Hannah puisse revivre un Noël enjoué.</desc>
    <credits>
      <director>David Winning</director>
      <actor>Bridget Regan (Lindsey Monroe)</actor>
      <actor>Victor Webster (Scott Terrell)</actor>
      <actor>Iris Quinn (Donna)</actor>
      <actor>Imogen Tear (Hannah Monroe)</actor>
      <actor>Fred Henderson (Fred)</actor>
      <actor>Jilena Cori (Sarah)</actor>
      <actor>Beckham Crawford (Jake)</actor>
      <actor>Nhi Do (Jenny)</actor>
    </credits>
    <category lang="fr">téléfilm sentimental</category>
    <length units="minutes">90</length>
    <icon src="https://television.telerama.fr/sites/tr_master/files/sheet_media/media/c7186efe-9fc6-47c3-8d95-a4886e27a15a.jpg" />
    <country>américain</country>
    <rating system="CSA">
      <value>Tout public</value>
    </rating>
  </programme>
  <programme start="20191120170500 +0100" stop="20191120181000 +0100" channel="C192.api.telerama.fr">
    <title>Quatre mariages pour une lune de miel</title>
    <sub-title>Adélaïde et Blaise</sub-title>
    <desc lang="fr">Quatre couples mettent en compétition leur mariage. Ils s'invitent mutuellement et se notent sur plusieurs critères. Le dernier jour, ils découvrent leur score ainsi que les commentaires des autres mariés. Et l'un d'eux remporte la lune de miel mise en jeu.</desc>
    <category lang="fr">téléréalité</category>
    <length units="minutes">65</length>
    <icon src="https://television.telerama.fr/sites/tr_master/files/sheet_media/media/66279fe0-9dec-41ea-9455-0531f404d6b1.jpg" />
    <rating system="CSA">
      <value>Tout public</value>
    </rating>
  </programme>
  <programme start="20191120181000 +0100" stop="20191120192000 +0100" channel="C192.api.telerama.fr">
    <title>Bienvenue chez nous</title>
    <sub-title>Arlette et Jean-Pierre</sub-title>
    <desc lang="fr">Durant une semaine, quatre duos, propriétaires de maisons d'hôtes, se reçoivent à tour de rôle. Chacun est jugé et noté sur plusieurs critères : la convivialité, le cadre de la maison, la qualité des services proposés, la propreté de la chambre et les équipements, et le rapport qualité-prix. Chaque vendredi, le duo qui décroche le titre de meilleure maison d'hôtes de la semaine se voit remettre la somme de 3000 euros.</desc>
    <category lang="fr">jeu</category>
    <length units="minutes">70</length>
    <icon src="https://television.telerama.fr/sites/tr_master/files/sheet_media/media/b331c18b-171f-44e7-b037-eaf434b3c98b.jpg" />
    <rating system="CSA">
      <value>Tout public</value>
    </rating>
  </programme>
  <programme start="20191120192000 +0100" stop="20191120195500 +0100" channel="C192.api.telerama.fr">
    <title>Demain nous appartient</title>
    <desc lang="fr">Saison:1 - Episode:599 - Alex est pris dans un dilemme, tandis qu'un nouvel espoir apparaît pour Chloé. Au bord de la crise de nerfs, Bart reçoit le soutien d'une vieille amie. Appuyée par Aurore, Sofia confronte son père...</desc>
    <credits>
      <director>Christophe Barraud</director>
      <director>Sandra Perrin</director>
      <director>Jérôme Navarro</director>
      <actor>Ingrid Chauvin (Chloé)</actor>
      <actor>Linda Hardy (Clémentine)</actor>
      <actor>Samira Lachhab (Leïla)</actor>
      <actor>Franck Monsigny (Martin)</actor>
      <actor>Audrey Looten (Virginie)</actor>
      <actor>Clément Remiens (Maxime)</actor>
      <actor>Kamel Belghazi (William)</actor>
      <actor>Charlotte Valandrey (Laurence)</actor>
      <actor>Théo Cosset (Arthur)</actor>
      <writer>Frédéric Chansel</writer>
      <writer>Laure de Colbert</writer>
      <writer>Nicolas Durand-Zouky</writer>
      <writer>Eline Le Fur</writer>
      <writer>Sabine Cipolla</writer>
      <writer>Gaëlle Baron</writer>
      <writer>Sophie Decroisette</writer>
    </credits>
    <category lang="fr">série dramatique</category>
    <length units="minutes">35</length>
    <country>France</country>
    <episode-num system="xmltv_ns">0.598.</episode-num>
    <premiere />
    <rating system="CSA">
      <value>Tout public</value>
    </rating>
  </programme>
  <programme start="20191120195500 +0100" stop="20191120200000 +0100" channel="C192.api.telerama.fr">
    <title>Météo</title>
    <category lang="fr">météo</category>
    <length units="minutes">5</length>
    <icon src="https://television.telerama.fr/sites/tr_master/files/sheet_media/media/ff420106-f5cd-474d-93b8-813b0c03b835.jpg" />
    <rating system="CSA">
      <value>Tout public</value>
    </rating>
  </programme>
  <programme start="20191120200000 +0100" stop="20191120203500 +0100" channel="C192.api.telerama.fr">
    <title>Journal</title>
    <credits>
      <presenter>Gilles Bouleau</presenter>
    </credits>
    <category lang="fr">journal</category>
    <length units="minutes">35</length>
    <icon src="https://television.telerama.fr/sites/tr_master/files/sheet_media/media/f20056e3-8872-4f87-9ac9-b2ac6aea2931.jpg" />
    <rating system="CSA">
      <value>Tout public</value>
    </rating>
  </programme>
  <programme start="20191120203500 +0100" stop="20191120204500 +0100" channel="C192.api.telerama.fr">
    <title>Le 20h le mag</title>
    <desc lang="fr">Chaque jour, une découverte d'un héros ordinaire ou de Français qui font l'actualité. Le magazine se termine par une page météo.</desc>
    <category lang="fr">magazine d'information</category>
    <length units="minutes">10</length>
    <icon src="https://television.telerama.fr/sites/tr_master/files/sheet_media/media/31806149-5fcd-46b8-b59d-4dc249b527d2.jpg" />
    <rating system="CSA">
      <value>Tout public</value>
    </rating>
  </programme>
  <programme start="20191120204500 +0100" stop="20191120205000 +0100" channel="C192.api.telerama.fr">
    <title>Tirage du Loto</title>
    <category lang="fr">loterie</category>
    <length units="minutes">5</length>
    <icon src="https://television.telerama.fr/sites/tr_master/files/sheet_media/media/c5a4afef-ea4a-4fa1-aa4a-4d8819ef5870.jpg" />
    <rating system="CSA">
      <value>Tout public</value>
    </rating>
  </programme>
  <programme start="20191120205000 +0100" stop="20191120210500 +0100" channel="C192.api.telerama.fr">
    <title>C'est Canteloup</title>
    <desc lang="fr">Secondé par Alessandra Sublet, Nicolas Canteloup revisite l'actualité du jour, avec mordant et ironie.</desc>
    <credits>
      <presenter>Alessandra Sublet</presenter>
      <presenter>Nicolas Canteloup</presenter>
    </credits>
    <category lang="fr">divertissement-humour</category>
    <length units="minutes">15</length>
    <icon src="https://television.telerama.fr/sites/tr_master/files/sheet_media/media/eb260fd7-de20-4ed8-a74a-f310d10ff26d.jpg" />
    <rating system="CSA">
      <value>Tout public</value>
    </rating>
  </programme>
  <programme start="20191120210500 +0100" stop="20191120215500 +0100" channel="C192.api.telerama.fr">
    <title>Good Doctor *2017</title>
    <sub-title>First Case, Second Base</sub-title>
    <desc lang="fr">Saison:3 - Episode:5 - Audrey Lim autorise Shaun à pratiquer sa première intervention chirurgicale. Le docteur Andrews estime, quant à lui, que le jeune médecin n'est pas encore prêt à opérer. Claire et Morgan sont dubitatives face à un patient : leur diagnostic est en totale contradiction avec tout ce que celui-ci a pu leur raconter...</desc>
    <credits>
      <actor>Freddie Highmore (Shaun Murphy)</actor>
      <actor>Antonia Thomas (Claire Brown)</actor>
      <actor>Hill Harper (Marcus Andrews)</actor>
      <actor>Nicholas Gonzalez (Neil Melendez)</actor>
      <actor>Richard Schiff (Aaron Glassman)</actor>
      <actor>Christina Chang (Audrey Lim)</actor>
      <actor>Will Yun Lee (Alex Park)</actor>
      <actor>Fiona Gubelmann (Morgan Reznick)</actor>
      <actor>Jasika Nicole (Carly)</actor>
      <writer>David Shore</writer>
    </credits>
    <category lang="fr">série hospitalière</category>
    <length units="minutes">50</length>
    <country>Etats-Unis</country>
    <episode-num system="xmltv_ns">2.4.</episode-num>
    <audio>
      <stereo>bilingual</stereo>
    </audio>
    <premiere />
    <rating system="CSA">
      <value>Tout public</value>
    </rating>
  </programme>
  <programme start="20191120215500 +0100" stop="20191120225000 +0100" channel="C192.api.telerama.fr">
    <title>Good Doctor *2017</title>
    <sub-title>45-Degree Angle</sub-title>
    <desc lang="fr">Saison:3 - Episode:6 -</desc>
    <credits>
      <director>Steve Robin</director>
      <actor>Freddie Highmore (Shaun Murphy)</actor>
      <actor>Antonia Thomas (Claire Brown)</actor>
      <actor>Hill Harper (Marcus Andrews)</actor>
      <actor>Nicholas Gonzalez (Neil Melendez)</actor>
      <actor>Richard Schiff (Aaron Glassman)</actor>
      <actor>Christina Chang (Audrey Lim)</actor>
      <actor>Will Yun Lee (Alex Park)</actor>
      <writer>David Shore</writer>
    </credits>
    <category lang="fr">série hospitalière</category>
    <length units="minutes">55</length>
    <country>Etats-Unis</country>
    <episode-num system="xmltv_ns">2.5.</episode-num>
    <audio>
      <stereo>bilingual</stereo>
    </audio>
    <premiere />
    <rating system="CSA">
      <value>-10</value>
      <icon src="http://upload.wikimedia.org/wikipedia/commons/thumb/b/bf/Moins10.svg/200px-Moins10.svg.png" />
    </rating>
  </programme>
  <programme start="20191120225000 +0100" stop="20191120233500 +0100" channel="C192.api.telerama.fr">
    <title>New York Unité Spéciale</title>
    <sub-title>Quatre flics en colère</sub-title>
    <desc lang="fr">Saison:20 - Episode:14 - Annabeth Pearl est arrêtée après avoir tué Thomas, son mari violent. Stone souhaite la faire condamner pour meurtre. Benson et son équipe, qui sont quotidiennement en contact avec des victimes d'abus, sont très mal à l'aise à l'idée de devoir témoigner contre elle...</desc>
    <credits>
      <actor>Mariska Hargitay (Olivia Benson)</actor>
      <actor>Ice-T (Odafin Tutuola)</actor>
      <actor>Kelli Giddish (Amanda Rollins)</actor>
      <actor>Peter Scanavino (Dominick Carisi)</actor>
      <actor>Philip Winchester (Peter Stone)</actor>
      <actor>Alexandra Breckenridge (Sarah Kent)</actor>
      <actor>Kevin Kane (Gary Kent)</actor>
      <actor>Tessa Albertson (Alicia Beck)</actor>
      <writer>Dick Wolf</writer>
    </credits>
    <category lang="fr">série policière</category>
    <length units="minutes">45</length>
    <country>Etats-Unis</country>
    <episode-num system="xmltv_ns">19.13.</episode-num>
    <audio>
      <stereo>bilingual</stereo>
    </audio>
    <premiere />
    <rating system="CSA">
      <value>-10</value>
      <icon src="http://upload.wikimedia.org/wikipedia/commons/thumb/b/bf/Moins10.svg/200px-Moins10.svg.png" />
    </rating>
  </programme>
  <programme start="20191120233500 +0100" stop="20191121003000 +0100" channel="C192.api.telerama.fr">
    <title>New York Unité Spéciale</title>
    <sub-title>Le mal d'une autre</sub-title>
    <desc lang="fr">Saison:19 - Episode:10 - L'équipe est appelée par une école qui accueille des élèves atteints de pathologies sévères. Deux élèves, un autiste et une jeune fille souffrant d'une maladie musculaire, ont été retrouvés au sol dans une position équivoque. L'équipe s'aperçoit vite que le rapport sexuel entre les jeunes gens était consenti, mais Rollins, en interrogeant la mère de Mariel, la jeune fille, ressent un malaise. Soupçonnant un syndrome de Münchhausen par procuration, elle sépare aussitôt la mère de la fille...</desc>
    <credits>
      <director>Jono Oliver</director>
      <actor>Mariska Hargitay (Olivia Benson)</actor>
      <actor>Ice-T (Odafin Tutuola)</actor>
      <actor>Kelli Giddish (Amanda Rollins)</actor>
      <actor>Raúl Esparza (Rafael Barba)</actor>
      <actor>Peter Scanavino (Dominick Carisi)</actor>
      <actor>Carolyn McCormick (Elizabeth Olivet)</actor>
      <actor>Dendrie Taylor (Dawn McLaughlin)</actor>
      <actor>Erin Wilhelmi (Mariel McLaughlin)</actor>
      <writer>Dick Wolf</writer>
      <writer>Brianna Yellen</writer>
    </credits>
    <category lang="fr">série policière</category>
    <length units="minutes">55</length>
    <icon src="https://television.telerama.fr/sites/tr_master/files/sheet_media/media/4c5c0dfc-db46-4859-8d18-1f2feb4b8107.jpg" />
    <country>Etats-Unis</country>
    <episode-num system="xmltv_ns">18.9.</episode-num>
    <audio>
      <stereo>bilingual</stereo>
    </audio>
    <rating system="CSA">
      <value>-10</value>
      <icon src="http://upload.wikimedia.org/wikipedia/commons/thumb/b/bf/Moins10.svg/200px-Moins10.svg.png" />
    </rating>
  </programme>
  <programme start="20191121003000 +0100" stop="20191121011500 +0100" channel="C192.api.telerama.fr">
    <title>New York Unité Spéciale</title>
    <sub-title>Crime génétique</sub-title>
    <desc lang="fr">Saison:3 - Episode:8 - Helen Chen, une jeune femme d'origine asiatique, a été violée, battue et laissée pour morte à l'extérieur d'un entrepôt saccagé. Johnny, son frère, fait partie d'un gang de Chinatown. La police pense qu'il pourrait s'agir d'une vengeance entre truands...</desc>
    <credits>
      <director>Juan José Campanella</director>
      <actor>Richard Belzer (John Munch)</actor>
      <actor>Dann Florek (Donald Cragen)</actor>
      <actor>Christopher Meloni (Elliot Stabler)</actor>
      <actor>Mariska Hargitay (Olivia Benson)</actor>
      <actor>Lynn Chen (Helen Chen)</actor>
      <actor>Nelson Lee (Johnny Chen)</actor>
      <actor>Marcus Chong (Darrell Guan)</actor>
      <actor>Diane Baker (Margot Nelson)</actor>
      <writer>Dick Wolf</writer>
      <writer>Kathy Ebel</writer>
    </credits>
    <category lang="fr">série policière</category>
    <length units="minutes">45</length>
    <country>Etats-Unis</country>
    <episode-num system="xmltv_ns">2.7.</episode-num>
    <audio>
      <stereo>bilingual</stereo>
    </audio>
    <rating system="CSA">
      <value>-10</value>
      <icon src="http://upload.wikimedia.org/wikipedia/commons/thumb/b/bf/Moins10.svg/200px-Moins10.svg.png" />
    </rating>
  </programme>
  <programme start="20191121011500 +0100" stop="20191121021000 +0100" channel="C192.api.telerama.fr">
    <title>New York Unité Spéciale</title>
    <sub-title>Evidences trompeuses</sub-title>
    <desc lang="fr">Saison:3 - Episode:14 - Paula Grace est retrouvée assassinée à côté de son véhicule. En fouillant la voiture, les enquêteurs découvrent l'équivalent d'un million de dollars en boîtes de Rytex, un nouveau médicament anticancéreux. La victime, qui travaillait pour un laboratoire pharmaceutique, serait-elle impliquée dans des malversations ? Les inspecteurs interrogent Kevin Ragiola, son employeur, qui se garde bien de leur avouer qu'il payait le loyer de Paula et que la voiture découverte à côté du corps était un véhicule loué à son nom. Les analyses apprennent aux enquêteurs que les doses de Rytex trouvées dans la voiture ne sont que des placebos...</desc>
    <credits>
      <director>Arthur Forney</director>
      <actor>Christopher Meloni (Elliot Stabler)</actor>
      <actor>Mariska Hargitay (Olivia Benson)</actor>
      <actor>Armand Schultz (Kevin Ragiola)</actor>
      <actor>Dann Florek (le capitaine Cragen)</actor>
      <actor>Richard Belzer (Munch)</actor>
      <actor>Michael O'Keefe (Marcosi)</actor>
      <actor>Khrystyne Haje (Francesca Jesner)</actor>
      <actor>Billy Strong (Phil Urzi)</actor>
      <writer>Dick Wolf</writer>
      <writer>Amanda Green</writer>
    </credits>
    <category lang="fr">série policière</category>
    <length units="minutes">55</length>
    <country>Etats-Unis</country>
    <episode-num system="xmltv_ns">2.13.</episode-num>
    <audio>
      <stereo>bilingual</stereo>
    </audio>
    <rating system="CSA">
      <value>-10</value>
      <icon src="http://upload.wikimedia.org/wikipedia/commons/thumb/b/bf/Moins10.svg/200px-Moins10.svg.png" />
    </rating>
  </programme>
  <programme start="20191121063000 +0100" stop="20191121082500 +0100" channel="C192.api.telerama.fr">
    <title>TFou</title>
    <desc lang="fr">Au sommaire :</desc>
    <category lang="fr">magazine jeunesse</category>
    <length units="minutes">115</length>
    <icon src="https://television.telerama.fr/sites/tr_master/files/sheet_media/media/0f12cd6f-c823-403a-bcde-499598a00334.jpg" />
    <rating system="CSA">
      <value>Tout public</value>
    </rating>
  </programme>
  <programme start="20191121082500 +0100" stop="20191121083000 +0100" channel="C192.api.telerama.fr">
    <title>Météo</title>
    <category lang="fr">météo</category>
    <length units="minutes">5</length>
    <icon src="https://television.telerama.fr/sites/tr_master/files/sheet_media/media/ff420106-f5cd-474d-93b8-813b0c03b835.jpg" />
    <rating system="CSA">
      <value>Tout public</value>
    </rating>
  </programme>
  <programme start="20191121083000 +0100" stop="20191121091500 +0100" channel="C192.api.telerama.fr">
    <title>Téléshopping</title>
    <credits>
      <presenter>Marie-Ange Nardi</presenter>
      <presenter>Alexandre Devoise</presenter>
    </credits>
    <category lang="fr">magazine de télé-achat</category>
    <length units="minutes">45</length>
    <icon src="https://television.telerama.fr/sites/tr_master/files/sheet_media/media/3900e560-b0f4-4697-b754-8274acedfdcd.jpg" />
    <rating system="CSA">
      <value>Tout public</value>
    </rating>
  </programme>
  <programme start="20191121091500 +0100" stop="20191121092000 +0100" channel="C192.api.telerama.fr">
    <title>Météo</title>
    <category lang="fr">météo</category>
    <length units="minutes">5</length>
    <icon src="https://television.telerama.fr/sites/tr_master/files/sheet_media/media/ff420106-f5cd-474d-93b8-813b0c03b835.jpg" />
    <rating system="CSA">
      <value>Tout public</value>
    </rating>
  </programme>
  <programme start="20191121092000 +0100" stop="20191121095000 +0100" channel="C192.api.telerama.fr">
    <title>Petits secrets en famille</title>
    <desc lang="fr">Chacun pense tout savoir de sa famille, qu'elle soit petite, grande, nombreuse, traditionnelle, recomposée ou moderne. Mais les apparences sont souvent trompeuses. Les héros sont confrontés, malgré eux, aux secrets de leur entourage : conflits, amours interdites, argent, héritage, divorce, escroquerie, jalousie. Ils enquêtent, et découvrent que personne ne connaît vraiment ses proches.</desc>
    <category lang="fr">série réaliste</category>
    <length units="minutes">30</length>
    <country>France</country>
    <rating system="CSA">
      <value>Tout public</value>
    </rating>
  </programme>
  <programme start="20191121095000 +0100" stop="20191121102500 +0100" channel="C192.api.telerama.fr">
    <title>Petits secrets en famille</title>
    <desc lang="fr">Chacun pense tout savoir de sa famille, qu'elle soit petite, grande, nombreuse, traditionnelle, recomposée ou moderne. Mais les apparences sont souvent trompeuses. Les héros sont confrontés, malgré eux, aux secrets de leur entourage : conflits, amours interdites, argent, héritage, divorce, escroquerie, jalousie. Ils enquêtent, et découvrent que personne ne connaît vraiment ses proches.</desc>
    <category lang="fr">série réaliste</category>
    <length units="minutes">35</length>
    <country>France</country>
    <rating system="CSA">
      <value>Tout public</value>
    </rating>
  </programme>
  <programme start="20191121102500 +0100" stop="20191121110000 +0100" channel="C192.api.telerama.fr">
    <title>Demain nous appartient</title>
    <desc lang="fr">Saison:1 - Episode:599 - Alex est pris dans un dilemme, tandis qu'un nouvel espoir apparaît pour Chloé. Au bord de la crise de nerfs, Bart reçoit le soutien d'une vieille amie. Appuyée par Aurore, Sofia confronte son père...</desc>
    <credits>
      <director>Christophe Barraud</director>
      <director>Sandra Perrin</director>
      <director>Jérôme Navarro</director>
      <actor>Ingrid Chauvin (Chloé)</actor>
      <actor>Linda Hardy (Clémentine)</actor>
      <actor>Samira Lachhab (Leïla)</actor>
      <actor>Franck Monsigny (Martin)</actor>
      <actor>Audrey Looten (Virginie)</actor>
      <actor>Clément Remiens (Maxime)</actor>
      <actor>Kamel Belghazi (William)</actor>
      <actor>Charlotte Valandrey (Laurence)</actor>
      <actor>Théo Cosset (Arthur)</actor>
      <writer>Frédéric Chansel</writer>
      <writer>Laure de Colbert</writer>
      <writer>Nicolas Durand-Zouky</writer>
      <writer>Eline Le Fur</writer>
      <writer>Sabine Cipolla</writer>
      <writer>Gaëlle Baron</writer>
      <writer>Sophie Decroisette</writer>
    </credits>
    <category lang="fr">série dramatique</category>
    <length units="minutes">35</length>
    <country>France</country>
    <episode-num system="xmltv_ns">0.598.</episode-num>
    <previously-shown />
    <rating system="CSA">
      <value>Tout public</value>
    </rating>
  </programme>
  <programme start="20191121110000 +0100" stop="20191121115500 +0100" channel="C192.api.telerama.fr">
    <title>Les feux de l'amour</title>
    <desc lang="fr">Episode:7827 - William tente de convaincre Victoria d'être un peu moins dure avec Reed, que Nikki croise par hasard au Néon écarlate. Phyllis aide Lauren à préparer son rendez-vous avec un éventuel investisseur, après que celle-ci a enfin expliqué à Michael les difficultés que connaît Fenmore...</desc>
    <credits>
      <actor>Jason Thompson (William)</actor>
      <actor>Amelia Heinle (Victoria)</actor>
      <actor>Melody Scott Thomas (Nikki )</actor>
      <actor>Joshua Morrow (Nicholas)</actor>
      <actor>Tristan Lake Leabu (Reed)</actor>
      <actor>Gina Tognoni (Phyllis)</actor>
      <actor>Tracey E Bregman (Lauren)</actor>
      <actor>Eric Braeden (Victor)</actor>
      <writer>Lee Phillip Bell</writer>
      <writer>William J Bell</writer>
    </credits>
    <category lang="fr">feuilleton sentimental</category>
    <length units="minutes">55</length>
    <icon src="https://television.telerama.fr/sites/tr_master/files/sheet_media/media/5da63861-c2f5-4813-8e45-82a5756ddde3.jpg" />
    <country>américain</country>
    <episode-num system="xmltv_ns">.7826.</episode-num>
    <premiere />
    <rating system="CSA">
      <value>Tout public</value>
    </rating>
  </programme>
  <programme start="20191121115500 +0100" stop="20191121120000 +0100" channel="C192.api.telerama.fr">
    <title>De l'@stuce à l'assiette</title>
    <desc lang="fr">Chaque jour, Juliette Delacroix répond à la question d'un internaute et donne ses trucs et astuces pour tout réussir en cuisine.</desc>
    <credits>
      <presenter>Juliette Delacroix</presenter>
    </credits>
    <category lang="fr">magazine de la gastronomie</category>
    <length units="minutes">5</length>
    <icon src="https://television.telerama.fr/sites/tr_master/files/sheet_media/media/b795a9e2-7c6d-4e6f-a3be-0edad6c41b85.jpg" />
    <previously-shown />
    <rating system="CSA">
      <value>Tout public</value>
    </rating>
  </programme>
  <programme start="20191121120000 +0100" stop="20191121125500 +0100" channel="C192.api.telerama.fr">
    <title>Les douze coups de midi</title>
    <desc lang="fr">Chaque jour, des candidats tentent de répondre à des questions ludiques et culturelles afin de gagner jusqu'à 30 000 euros. Mais attention, ils devront avoir décroché la mystérieuse étoile aux cadeaux avant que ne retentissent «Les Douze Coups de midi».</desc>
    <credits>
      <presenter>Jean-Luc Reichmann</presenter>
    </credits>
    <category lang="fr">jeu</category>
    <length units="minutes">55</length>
    <icon src="https://television.telerama.fr/sites/tr_master/files/sheet_media/media/8c40e21b-cddd-457d-bfaa-878a2fa23ff1.jpg" />
    <rating system="CSA">
      <value>Tout public</value>
    </rating>
  </programme>
  <programme start="20191121125500 +0100" stop="20191121130000 +0100" channel="C192.api.telerama.fr">
    <title>Petits plats en équilibre</title>
    <desc lang="fr">Toutes les astuces et recettes autour d'un ingrédient de saison.</desc>
    <credits>
      <presenter>Laurent Mariotte</presenter>
    </credits>
    <category lang="fr">magazine de la gastronomie</category>
    <length units="minutes">5</length>
    <icon src="https://television.telerama.fr/sites/tr_master/files/sheet_media/media/fec55851-118b-4b03-a3d3-9fca65bf6fbe.jpg" />
    <rating system="CSA">
      <value>Tout public</value>
    </rating>
  </programme>
  <programme start="20191121130000 +0100" stop="20191121133500 +0100" channel="C192.api.telerama.fr">
    <title>Journal</title>
    <credits>
      <presenter>Jean-Pierre Pernaut</presenter>
    </credits>
    <category lang="fr">journal</category>
    <length units="minutes">35</length>
    <icon src="https://television.telerama.fr/sites/tr_master/files/sheet_media/media/76e23d31-a68e-46f8-8a30-795f242c3d48.jpg" />
    <rating system="CSA">
      <value>Tout public</value>
    </rating>
  </programme>
  <programme start="20191121133500 +0100" stop="20191121134500 +0100" channel="C192.api.telerama.fr">
    <title>Petits plats en équilibre</title>
    <desc lang="fr">Toutes les astuces et recettes autour d'un ingrédient de saison.</desc>
    <credits>
      <presenter>Laurent Mariotte</presenter>
    </credits>
    <category lang="fr">magazine de la gastronomie</category>
    <length units="minutes">10</length>
    <icon src="https://television.telerama.fr/sites/tr_master/files/sheet_media/media/fec55851-118b-4b03-a3d3-9fca65bf6fbe.jpg" />
    <rating system="CSA">
      <value>Tout public</value>
    </rating>
  </programme>
  <programme start="20191121134500 +0100" stop="20191121135500 +0100" channel="C192.api.telerama.fr">
    <title>Météo</title>
    <category lang="fr">météo</category>
    <length units="minutes">10</length>
    <icon src="https://television.telerama.fr/sites/tr_master/files/sheet_media/media/ff420106-f5cd-474d-93b8-813b0c03b835.jpg" />
    <rating system="CSA">
      <value>Tout public</value>
    </rating>
  </programme>
  <programme start="20191121135500 +0100" stop="20191121153500 +0100" channel="C192.api.telerama.fr">
    <title>Un Noël qui répare les blessures</title>
    <desc lang="fr">Lucy, brillante avocate new-yorkaise, revient pour les fêtes de fin d'année à Nilson's Bay, sa ville natale. Sa soeur Alice vient en effet de mourir, lui léguant la maison familiale. Elle va faire connaissance avec les amis d'Alice, renouer avec son amour de jeunesse et faire la paix avec son passé...</desc>
    <credits>
      <director>Ron Oliver</director>
      <actor>Tatyana Ali (Lucy Toomey)</actor>
      <actor>Dennis Haysbert (l'oncle Barney)</actor>
      <actor>Dondré T Whitfield (Peter Swinson)</actor>
      <actor>Jaida-Iman Benjamin (Maeve Asher)</actor>
      <actor>Leonard R Butler (monsieur Swinson)</actor>
      <actor>Patti LaBelle (madame Swinson)</actor>
      <actor>Amanda Brooks (Daphne)</actor>
      <actor>Brianna Butler (Lucy à 17 ans)</actor>
      <writer>Marcy Holland</writer>
      <writer>Maria Nation</writer>
      <writer>Ron Oliver</writer>
    </credits>
    <category lang="fr">téléfilm sentimental</category>
    <length units="minutes">100</length>
    <icon src="https://television.telerama.fr/sites/tr_master/files/sheet_media/media/370299b8-c3f8-4a4c-940f-461dec48cbe9.jpg" />
    <country>américain</country>
    <premiere />
    <rating system="CSA">
      <value>Tout public</value>
    </rating>
  </programme>
  <programme start="20191121153500 +0100" stop="20191121170500 +0100" channel="C192.api.telerama.fr">
    <title>La ballerine de Noël</title>
    <desc lang="fr">Lilly, une ancienne danseuse de renom, élève la fille de sa soeur, morte dans un accident de voiture. Sa nièce, Sadie, qui est aussi douée qu'elle pour la danse, se voit offrir le rôle principal dans le «Casse-Noisette» du Philadelphia Ballet. Le chorégraphe n'est autre que l'ex-petit ami de Lilly, Mark...</desc>
    <credits>
      <director>Michael Lembeck</director>
      <actor>Amy Acker (Lily)</actor>
      <actor>Sascha Radetsky (Mark)</actor>
      <actor>Sophia Lucia (Sadie)</actor>
      <actor>Kenneth Welsh (Dimitri)</actor>
      <actor>Katherine Barrell (Beth)</actor>
      <actor>Siobhan Murphy (Jen)</actor>
      <actor>Catherine Mary Stewart (Carol)</actor>
      <actor>Shauna MacDonald (Sharon)</actor>
      <writer>Nicole Avril</writer>
    </credits>
    <category lang="fr">téléfilm sentimental</category>
    <length units="minutes">90</length>
    <icon src="https://television.telerama.fr/sites/tr_master/files/sheet_media/media/4204d5bb-6ba5-493a-99c4-298b37bcf578.jpg" />
    <country>canadien</country>
    <rating system="CSA">
      <value>Tout public</value>
    </rating>
  </programme>
  <programme start="20191121170500 +0100" stop="20191121181000 +0100" channel="C192.api.telerama.fr">
    <title>Quatre mariages pour une lune de miel</title>
    <sub-title>Cynthia et William</sub-title>
    <desc lang="fr">Quatre couples mettent en compétition leur mariage. Ils s'invitent mutuellement et se notent sur plusieurs critères. Le dernier jour, ils découvrent leur score ainsi que les commentaires des autres mariés. Et l'un d'eux remporte la lune de miel mise en jeu.</desc>
    <category lang="fr">téléréalité</category>
    <length units="minutes">65</length>
    <icon src="https://television.telerama.fr/sites/tr_master/files/sheet_media/media/66279fe0-9dec-41ea-9455-0531f404d6b1.jpg" />
    <rating system="CSA">
      <value>Tout public</value>
    </rating>
  </programme>
  <programme start="20191121181000 +0100" stop="20191121192000 +0100" channel="C192.api.telerama.fr">
    <title>Bienvenue chez nous</title>
    <sub-title>Caroline et Alexander</sub-title>
    <desc lang="fr">Durant une semaine, quatre duos, propriétaires de maisons d'hôtes, se reçoivent à tour de rôle. Chacun est jugé et noté sur plusieurs critères : la convivialité, le cadre de la maison, la qualité des services proposés, la propreté de la chambre et les équipements, et le rapport qualité-prix. Chaque vendredi, le duo qui décroche le titre de meilleure maison d'hôtes de la semaine se voit remettre la somme de 3000 euros.</desc>
    <category lang="fr">jeu</category>
    <length units="minutes">70</length>
    <icon src="https://television.telerama.fr/sites/tr_master/files/sheet_media/media/b331c18b-171f-44e7-b037-eaf434b3c98b.jpg" />
    <rating system="CSA">
      <value>Tout public</value>
    </rating>
  </programme>
  <programme start="20191121192000 +0100" stop="20191121195500 +0100" channel="C192.api.telerama.fr">
    <title>Demain nous appartient</title>
    <desc lang="fr">Saison:1 - Episode:600 - Aurore et Martin s'opposent dans la stratégie à adopter pour mener l'enquête. Les persécutions subies par Laurence prennent un macabre tournant. Souleymane est témoin d'une apparition étrange...</desc>
    <credits>
      <director>Christophe Barraud</director>
      <director>Sandra Perrin</director>
      <director>Jérôme Navarro</director>
      <actor>Ingrid Chauvin (Chloé)</actor>
      <actor>Linda Hardy (Clémentine)</actor>
      <actor>Samira Lachhab (Leïla)</actor>
      <actor>Franck Monsigny (Martin)</actor>
      <actor>Audrey Looten (Virginie)</actor>
      <actor>Clément Remiens (Maxime)</actor>
      <actor>Kamel Belghazi (William)</actor>
      <actor>Charlotte Valandrey (Laurence)</actor>
      <actor>Théo Cosset (Arthur)</actor>
      <writer>Frédéric Chansel</writer>
      <writer>Laure de Colbert</writer>
      <writer>Nicolas Durand-Zouky</writer>
      <writer>Eline Le Fur</writer>
      <writer>Sabine Cipolla</writer>
      <writer>Gaëlle Baron</writer>
      <writer>Sophie Decroisette</writer>
    </credits>
    <category lang="fr">série dramatique</category>
    <length units="minutes">35</length>
    <country>France</country>
    <episode-num system="xmltv_ns">0.599.</episode-num>
    <premiere />
    <rating system="CSA">
      <value>Tout public</value>
    </rating>
  </programme>
  <programme start="20191121195500 +0100" stop="20191121200000 +0100" channel="C192.api.telerama.fr">
    <title>Météo</title>
    <category lang="fr">météo</category>
    <length units="minutes">5</length>
    <icon src="https://television.telerama.fr/sites/tr_master/files/sheet_media/media/ff420106-f5cd-474d-93b8-813b0c03b835.jpg" />
    <rating system="CSA">
      <value>Tout public</value>
    </rating>
  </programme>
  <programme start="20191121200000 +0100" stop="20191121203500 +0100" channel="C192.api.telerama.fr">
    <title>Journal</title>
    <credits>
      <presenter>Gilles Bouleau</presenter>
    </credits>
    <category lang="fr">journal</category>
    <length units="minutes">35</length>
    <icon src="https://television.telerama.fr/sites/tr_master/files/sheet_media/media/f20056e3-8872-4f87-9ac9-b2ac6aea2931.jpg" />
    <rating system="CSA">
      <value>Tout public</value>
    </rating>
  </programme>
  <programme start="20191121203500 +0100" stop="20191121204500 +0100" channel="C192.api.telerama.fr">
    <title>Le 20h le mag</title>
    <desc lang="fr">Chaque jour, une découverte d'un héros ordinaire ou de Français qui font l'actualité. Le magazine se termine par une page météo.</desc>
    <category lang="fr">magazine d'information</category>
    <length units="minutes">10</length>
    <icon src="https://television.telerama.fr/sites/tr_master/files/sheet_media/media/31806149-5fcd-46b8-b59d-4dc249b527d2.jpg" />
    <rating system="CSA">
      <value>Tout public</value>
    </rating>
  </programme>
  <programme start="20191121204500 +0100" stop="20191121205000 +0100" channel="C192.api.telerama.fr">
    <title>A chacun sa ville</title>
    <sub-title>Bâtiment éco-responsable</sub-title>
    <desc lang="fr">Les différentes problématiques immobilières que l'on peut rencontrer à différentes étapes de sa vie.</desc>
    <category lang="fr">magazine de services</category>
    <length units="minutes">5</length>
    <icon src="https://television.telerama.fr/sites/tr_master/files/sheet_media/media/829cca89-98f0-4239-8e2f-72ebebf36892.jpg" />
    <rating system="CSA">
      <value>Tout public</value>
    </rating>
  </programme>
  <programme start="20191121205000 +0100" stop="20191121210500 +0100" channel="C192.api.telerama.fr">
    <title>C'est Canteloup</title>
    <desc lang="fr">Secondé par Alessandra Sublet, Nicolas Canteloup revisite l'actualité du jour, avec mordant et ironie.</desc>
    <credits>
      <presenter>Alessandra Sublet</presenter>
      <presenter>Nicolas Canteloup</presenter>
    </credits>
    <category lang="fr">divertissement-humour</category>
    <length units="minutes">15</length>
    <icon src="https://television.telerama.fr/sites/tr_master/files/sheet_media/media/eb260fd7-de20-4ed8-a74a-f310d10ff26d.jpg" />
    <rating system="CSA">
      <value>Tout public</value>
    </rating>
  </programme>
  <programme start="20191121210500 +0100" stop="20191121220500 +0100" channel="C192.api.telerama.fr">
    <title>Balthazar</title>
    <sub-title>Marche funèbre</sub-title>
    <desc lang="fr">Saison:2 - Episode:1 - Dans un square, sur une aire de jeux pour enfants, un chien est retrouvé mort, criblé de coups de ciseaux. L'animal est couché à côté d'une flaque de sang et lorsque son cadavre est soulevé, une peluche est découverte. Les analyses que le sang est celui d'un bébé, Théo Keller. L'enfant est sa nounou Joséphine, une femme de 45 ans, sont portés disparus. La scène fait craindre le pire pour le bébé. Est-il toujours en vie ? Joséphine a-t-elle été complice de l'enlèvement ? Avec ces questions sans réponses, les enquêteurs se lancent dans une enquête sous haute tension...</desc>
    <credits>
      <actor>Tomer Sisley (Raphaël Balthazar)</actor>
      <actor>Hélène de Fougerolles (Hélène Bach)</actor>
      <actor>Yannig Samot (Jérôme Delgado)</actor>
      <actor>Philypa Phoenix (Fatim)</actor>
      <actor>Côme Levin (Eddy)</actor>
      <writer>Clothilde Jamin</writer>
      <writer>Clélia Constantine</writer>
    </credits>
    <category lang="fr">série policière</category>
    <length units="hours">1</length>
    <icon src="https://television.telerama.fr/sites/tr_master/files/sheet_media/media/52533cde-c96a-495d-9adc-344e658857fe.jpg" />
    <country>France</country>
    <episode-num system="xmltv_ns">1.0.</episode-num>
    <premiere />
    <rating system="CSA">
      <value>-10</value>
      <icon src="http://upload.wikimedia.org/wikipedia/commons/thumb/b/bf/Moins10.svg/200px-Moins10.svg.png" />
    </rating>
  </programme>
  <programme start="20191121220500 +0100" stop="20191121230500 +0100" channel="C192.api.telerama.fr">
    <title>Balthazar</title>
    <sub-title>Dernière demeure</sub-title>
    <desc lang="fr">Saison:2 - Episode:2 - Sur un terrain de golf de banlieue parisienne, un sac d'os est déterré à la faveur chantier. A première vue, il s'agit d'ossements issus d'une fosse commune du 18e siècle. Mais d'après Balthazar, parmi ces os se trouvent ceux d'un jeune homme de 20 ans, Arthur Joncour. Celui-ci a disparu d'un village des Yvelines dix jours plus tôt, après avoir rendu visite à sa petite amie Rose Laborie...</desc>
    <credits>
      <actor>Tomer Sisley (Raphaël Balthazar)</actor>
      <actor>Hélène de Fougerolles (Hélène Bach)</actor>
      <actor>Yannig Samot (Jérôme Delgado)</actor>
      <actor>Philypa Phoenix (Fatim)</actor>
      <actor>Côme Levin (Eddy)</actor>
      <writer>Clothilde Jamin</writer>
      <writer>Clélia Constantine</writer>
    </credits>
    <category lang="fr">série policière</category>
    <length units="hours">1</length>
    <country>France</country>
    <episode-num system="xmltv_ns">1.1.</episode-num>
    <premiere />
    <rating system="CSA">
      <value>-10</value>
      <icon src="http://upload.wikimedia.org/wikipedia/commons/thumb/b/bf/Moins10.svg/200px-Moins10.svg.png" />
    </rating>
  </programme>
  <programme start="20191121230500 +0100" stop="20191122001500 +0100" channel="C192.api.telerama.fr">
    <title>Balthazar</title>
    <sub-title>Arrêt de mort</sub-title>
    <desc lang="fr">Saison:1 - Episode:2 - Le corps d'un homme est retrouvé sur un chantier, le visage massacré. Raphaël découvre rapidement que le défunt n'était pas un ouvrier et qu'il avait subi, des années auparavant, plusieurs opérations esthétiques. Hélène enquête : de toute évidence, le défunt vivait sous une fausse identité. Mais qui était-il ? Bientôt, elle découvre qu'il s'agit en réalité d'un certain Julien Deredec, le responsable d'un accident de la route qui a coûté la vie à plusieurs enfants. Les parents des petites victimes ont-ils réussi à le retrouver ? Son ancienne vie a-t-elle ressurgi alors qu'il se pensait désormais à l'abri ?...</desc>
    <credits>
      <director>Frédéric Berthe</director>
      <actor>Tomer Sisley (Raphaël Balthazar)</actor>
      <actor>Hélène de Fougerolles (Hélène Bach)</actor>
      <actor>Yannig Samot (Jérôme Delgado)</actor>
      <actor>Philypa Phoenix (Fatim)</actor>
      <actor>Côme Levin (Eddy)</actor>
      <actor>Aliocha Itovitch (Antoine Bach)</actor>
      <actor>Pauline Cheviller (Lise)</actor>
      <actor>Gabriel Caballero (Hugo Bach)</actor>
      <writer>Clothilde Jamin</writer>
      <writer>Clélia Constantine</writer>
      <writer>Clélia Constantine</writer>
      <writer>Clothilde Jamin</writer>
    </credits>
    <category lang="fr">série policière</category>
    <length units="minutes">70</length>
    <icon src="https://television.telerama.fr/sites/tr_master/files/sheet_media/media/335b6c3a-0819-4dc4-9096-10a24332bfe9.jpg" />
    <country>France</country>
    <episode-num system="xmltv_ns">0.1.</episode-num>
    <rating system="CSA">
      <value>-10</value>
      <icon src="http://upload.wikimedia.org/wikipedia/commons/thumb/b/bf/Moins10.svg/200px-Moins10.svg.png" />
    </rating>
  </programme>
  <programme start="20191122001500 +0100" stop="20191122010000 +0100" channel="C192.api.telerama.fr">
    <title>New York, section criminelle</title>
    <sub-title>Lourd héritage</sub-title>
    <desc lang="fr">Saison:6 - Episode:20 - Le fils de la célèbre ex-stripteaseuse Lorelei Mailer, veuve d'un milliardaire nonagénaire, s'écroule sur la piste de danse d'une boîte de nuit et ne se relève plus. Il a apparemment succombé à une overdose. Mais les inspecteurs Logan et Wheeler cherchent à en savoir plus sur cette affaire. Ils interrogent Lorelei, qui vient de donner naissance à une petite fille, et son compagnon Ronnie Chase. Lorelei est anéantie par le décès de son fils. Quelques jours plus tard, elle meurt dans des circonstances mystérieuses. Tandis que l'enquête se poursuit, une recherche en paternité est effectuée pour déterminer si Ronnie est bien le père du bébé de Lorelei...</desc>
    <credits>
      <director>Darnell Martin</director>
      <actor>Julianne Nicholson (Megan Wheeler)</actor>
      <actor>Eric Bogosian (Danny Ross)</actor>
      <actor>Kristy Swanson (Lorelei Mailer)</actor>
      <actor>David Cross (Ronnie Chase)</actor>
      <actor>Chris Noth (Mike Logan)</actor>
      <actor>Ean Sheehy (Joshua Simmons)</actor>
      <actor>Leslie Hendrix (Elizabeth Rodgers)</actor>
      <actor>Nicole LaLiberte (Starlet)</actor>
      <writer>Dick Wolf</writer>
      <writer>Julie Martin</writer>
    </credits>
    <category lang="fr">série policière</category>
    <length units="minutes">45</length>
    <icon src="https://television.telerama.fr/sites/tr_master/files/sheet_media/media/3f141303-10f8-479f-90d9-71e66da5298c.jpg" />
    <country>Etats-Unis</country>
    <episode-num system="xmltv_ns">5.19.</episode-num>
    <audio>
      <stereo>bilingual</stereo>
    </audio>
    <rating system="CSA">
      <value>-10</value>
      <icon src="http://upload.wikimedia.org/wikipedia/commons/thumb/b/bf/Moins10.svg/200px-Moins10.svg.png" />
    </rating>
  </programme>
  <programme start="20191122010000 +0100" stop="20191122015500 +0100" channel="C192.api.telerama.fr">
    <title>New York, section criminelle</title>
    <sub-title>Etat de guerre</sub-title>
    <desc lang="fr">Saison:6 - Episode:8 - Lors d'une soirée donnée pour Thanksgiving, Amanda Dockerty, la fille de Leland, du département de police de New York, disparaît mystérieusement. Engagée dans l'armée, elle était en permission. Goren et Eames sont chargés de l'enquête, qui devient une affaire de meurtre lorsque le cadavre d'Amanda est découvert. Les enquêteurs tentent d'en savoir plus sur la victime et sa famille, afin de dégager des pistes. Mais Goren peine à rester concentré sur cette affaire, car l'état de santé de sa mère se dégrade de plus en plus. Néanmoins, les agents parviennent à trouver des indices sur la scène de crime...</desc>
    <credits>
      <director>Darnell Martin</director>
      <actor>Kathryn Erbe (Alexandra Eames)</actor>
      <actor>Betty Gilpin (Amanda Dockerty)</actor>
      <actor>Michael Biehn (Leland Dockerty)</actor>
      <actor>Vincent D'Onofrio (Robert Goren)</actor>
      <actor>Paul Fitzgerald (Ted Copeland)</actor>
      <actor>Joel Gretsch (Jason Raines)</actor>
      <actor>Adam Lavorgna (Brian Murphy)</actor>
      <actor>Annabella Sciorra (Carolyn Barek)</actor>
      <writer>Dick Wolf</writer>
    </credits>
    <category lang="fr">série policière</category>
    <length units="minutes">55</length>
    <icon src="https://television.telerama.fr/sites/tr_master/files/sheet_media/media/05e2af95-ff97-4a75-af17-f02e39828688.jpg" />
    <country>Etats-Unis</country>
    <episode-num system="xmltv_ns">5.7.</episode-num>
    <audio>
      <stereo>bilingual</stereo>
    </audio>
    <rating system="CSA">
      <value>-10</value>
      <icon src="http://upload.wikimedia.org/wikipedia/commons/thumb/b/bf/Moins10.svg/200px-Moins10.svg.png" />
    </rating>
  </programme>
  <programme start="20191122015500 +0100" stop="20191122024500 +0100" channel="C192.api.telerama.fr">
    <title>New York, section criminelle</title>
    <sub-title>Les cartes en main</sub-title>
    <desc lang="fr">Saison:6 - Episode:17 - Après la condamnation d'un prévenu par le tribunal, Jacob, le fils du juge Fenner, est assassiné. Mike Logan mène l'enquête avec Megan Wheeler et soupçonne un homme qu'il avait arrêté et que le juge avait condamné. Les deux inspecteurs trouvent bientôt une nouvelle piste. Les amis de la victime pourraient être impliqués dans le drame. Pendant que l'enquête se poursuit, Wheeler apprend que son père, qu'elle n'avait plus vu depuis des années, est toujours en vie. Malgré ces préoccupations d'ordre personnel, elle s'efforce de rester efficace pour dénouer l'affaire du meurtre du fils de Fenner...</desc>
    <credits>
      <director>Tom DiCillo</director>
      <actor>Chris Noth (Mike Logan)</actor>
      <actor>Julianne Nicholson (Megan Wheeler)</actor>
      <actor>John Dossett (Nicholas Fenner)</actor>
      <actor>Eric Bogosian (Danny Ross)</actor>
      <actor>Christian Hoff (Thomas Grady)</actor>
      <actor>Michael Stahl-David (Riordan Grady)</actor>
      <actor>Leslie Hendrix (Elizabeth Rodgers)</actor>
      <actor>William Hill (Bobby Grey)</actor>
      <writer>Dick Wolf</writer>
      <writer>Warren Leight</writer>
    </credits>
    <category lang="fr">série policière</category>
    <length units="minutes">50</length>
    <icon src="https://television.telerama.fr/sites/tr_master/files/sheet_media/media/cd9e3f35-09fc-4704-b2f5-9b0713593fc2.jpg" />
    <country>Etats-Unis</country>
    <episode-num system="xmltv_ns">5.16.</episode-num>
    <audio>
      <stereo>bilingual</stereo>
    </audio>
    <rating system="CSA">
      <value>-10</value>
      <icon src="http://upload.wikimedia.org/wikipedia/commons/thumb/b/bf/Moins10.svg/200px-Moins10.svg.png" />
    </rating>
  </programme>
</tv>
